Command line invocation:
    /Applications/Xcode.app/Contents/Developer/usr/bin/xcodebuild test -project macos-native/GoalflowMac.xcodeproj -scheme GoalflowMac -configuration Debug -destination platform=macOS -derivedDataPath /private/tmp/p2b-macos CODE_SIGNING_ALLOWED=NO

Build settings from command line:
    CODE_SIGNING_ALLOWED = NO

--- xcodebuild: WARNING: Using the first of multiple matching destinations:
{ platform:macOS, arch:arm64, id:00006000-0014189836D2801E, name:My Mac }
{ platform:macOS, arch:x86_64, id:00006000-0014189836D2801E, name:My Mac }
ComputePackagePrebuildTargetDependencyGraph

Prepare packages

CreateBuildRequest

SendProjectDescription

CreateBuildOperation

ComputeTargetDependencyGraph
note: Building targets in dependency order
note: Target dependency graph (2 targets)
    Target 'GoalflowMacTests' in project 'GoalflowMac'
        ➜ Explicit dependency on target 'GoalflowMac' in project 'GoalflowMac'
    Target 'GoalflowMac' in project 'GoalflowMac' (no dependencies)

GatherProvisioningInputs

CreateBuildDescription

ExecuteExternalTool /Applications/Xcode.app/Contents/Developer/Toolchains/XcodeDefault.xctoolchain/usr/bin/clang -v -E -dM -isysroot /Applications/Xcode.app/Contents/Developer/Platforms/MacOSX.platform/Developer/SDKs/MacOSX26.5.sdk -x c -c /dev/null

ExecuteExternalTool /Applications/Xcode.app/Contents/Developer/Toolchains/XcodeDefault.xctoolchain/usr/bin/swiftc --version

ExecuteExternalTool /Applications/Xcode.app/Contents/Developer/usr/bin/actool --version --output-format xml1

ExecuteExternalTool /Applications/Xcode.app/Contents/Developer/Toolchains/XcodeDefault.xctoolchain/usr/bin/ld -version_details

Build description signature: 2f6f854438c98ef3280d2bfec490dfff
Build description path: /tmp/p2b-macos/Build/Intermediates.noindex/XCBuildData/2f6f854438c98ef3280d2bfec490dfff.xcbuilddata
ClangStatCache /Applications/Xcode.app/Contents/Developer/Toolchains/XcodeDefault.xctoolchain/usr/bin/clang-stat-cache /Applications/Xcode.app/Contents/Developer/Platforms/MacOSX.platform/Developer/SDKs/MacOSX26.5.sdk /tmp/p2b-macos/SDKStatCaches.noindex/macosx26.5-25F70-e082c4a02f00227109f4ed75e425c832.sdkstatcache
    cd /Users/schober/Projects/TSurfing/macos-native/GoalflowMac.xcodeproj
    /Applications/Xcode.app/Contents/Developer/Toolchains/XcodeDefault.xctoolchain/usr/bin/clang-stat-cache /Applications/Xcode.app/Contents/Developer/Platforms/MacOSX.platform/Developer/SDKs/MacOSX26.5.sdk -o /tmp/p2b-macos/SDKStatCaches.noindex/macosx26.5-25F70-e082c4a02f00227109f4ed75e425c832.sdkstatcache

CreateBuildDirectory /tmp/p2b-macos/Build/Products
    cd /Users/schober/Projects/TSurfing/macos-native/GoalflowMac.xcodeproj
    builtin-create-build-directory /tmp/p2b-macos/Build/Products

CreateBuildDirectory /tmp/p2b-macos/Build/Intermediates.noindex
    cd /Users/schober/Projects/TSurfing/macos-native/GoalflowMac.xcodeproj
    builtin-create-build-directory /tmp/p2b-macos/Build/Intermediates.noindex

CreateBuildDirectory /tmp/p2b-macos/Build/Intermediates.noindex/SwiftExplicitPrecompiledModules
    cd /Users/schober/Projects/TSurfing/macos-native/GoalflowMac.xcodeproj
    builtin-create-build-directory /tmp/p2b-macos/Build/Intermediates.noindex/SwiftExplicitPrecompiledModules

CreateBuildDirectory /tmp/p2b-macos/Build/Intermediates.noindex/ExplicitPrecompiledModules
    cd /Users/schober/Projects/TSurfing/macos-native/GoalflowMac.xcodeproj
    builtin-create-build-directory /tmp/p2b-macos/Build/Intermediates.noindex/ExplicitPrecompiledModules

CreateBuildDirectory /tmp/p2b-macos/Build/Products/Debug
    cd /Users/schober/Projects/TSurfing/macos-native/GoalflowMac.xcodeproj
    builtin-create-build-directory /tmp/p2b-macos/Build/Products/Debug

CreateBuildDirectory /tmp/p2b-macos/Build/Intermediates.noindex/EagerLinkingTBDs/Debug
    cd /Users/schober/Projects/TSurfing/macos-native/GoalflowMac.xcodeproj
    builtin-create-build-directory /tmp/p2b-macos/Build/Intermediates.noindex/EagerLinkingTBDs/Debug

WriteAuxiliaryFile /tmp/p2b-macos/Build/Intermediates.noindex/GoalflowMac.build/Debug/GoalflowMac-3083011f4150d1213d93a1707dff697c-VFS/all-product-headers.yaml
    cd /Users/schober/Projects/TSurfing/macos-native/GoalflowMac.xcodeproj
    write-file /tmp/p2b-macos/Build/Intermediates.noindex/GoalflowMac.build/Debug/GoalflowMac-3083011f4150d1213d93a1707dff697c-VFS/all-product-headers.yaml

WriteAuxiliaryFile /tmp/p2b-macos/Build/Intermediates.noindex/GoalflowMac.build/Debug/GoalflowMac.build/Tsurfing-project-headers.hmap (in target 'GoalflowMac' from project 'GoalflowMac')
    cd /Users/schober/Projects/TSurfing/macos-native
    write-file /tmp/p2b-macos/Build/Intermediates.noindex/GoalflowMac.build/Debug/GoalflowMac.build/Tsurfing-project-headers.hmap

WriteAuxiliaryFile /tmp/p2b-macos/Build/Intermediates.noindex/GoalflowMac.build/Debug/GoalflowMac.build/Tsurfing-all-target-headers.hmap (in target 'GoalflowMac' from project 'GoalflowMac')
    cd /Users/schober/Projects/TSurfing/macos-native
    write-file /tmp/p2b-macos/Build/Intermediates.noindex/GoalflowMac.build/Debug/GoalflowMac.build/Tsurfing-all-target-headers.hmap

WriteAuxiliaryFile /tmp/p2b-macos/Build/Intermediates.noindex/GoalflowMac.build/Debug/GoalflowMac.build/Tsurfing-generated-files.hmap (in target 'GoalflowMac' from project 'GoalflowMac')
    cd /Users/schober/Projects/TSurfing/macos-native
    write-file /tmp/p2b-macos/Build/Intermediates.noindex/GoalflowMac.build/Debug/GoalflowMac.build/Tsurfing-generated-files.hmap

WriteAuxiliaryFile /tmp/p2b-macos/Build/Intermediates.noindex/GoalflowMac.build/Debug/GoalflowMac.build/Tsurfing-own-target-headers.hmap (in target 'GoalflowMac' from project 'GoalflowMac')
    cd /Users/schober/Projects/TSurfing/macos-native
    write-file /tmp/p2b-macos/Build/Intermediates.noindex/GoalflowMac.build/Debug/GoalflowMac.build/Tsurfing-own-target-headers.hmap

WriteAuxiliaryFile /tmp/p2b-macos/Build/Intermediates.noindex/GoalflowMac.build/Debug/GoalflowMac.build/Tsurfing.hmap (in target 'GoalflowMac' from project 'GoalflowMac')
    cd /Users/schober/Projects/TSurfing/macos-native
    write-file /tmp/p2b-macos/Build/Intermediates.noindex/GoalflowMac.build/Debug/GoalflowMac.build/Tsurfing.hmap

WriteAuxiliaryFile /tmp/p2b-macos/Build/Intermediates.noindex/GoalflowMac.build/Debug/GoalflowMacTests.build/GoalflowMacTests.hmap (in target 'GoalflowMacTests' from project 'GoalflowMac')
    cd /Users/schober/Projects/TSurfing/macos-native
    write-file /tmp/p2b-macos/Build/Intermediates.noindex/GoalflowMac.build/Debug/GoalflowMacTests.build/GoalflowMacTests.hmap

WriteAuxiliaryFile /tmp/p2b-macos/Build/Intermediates.noindex/GoalflowMac.build/Debug/GoalflowMacTests.build/empty-GoalflowMacTests.plist (in target 'GoalflowMacTests' from project 'GoalflowMac')
    cd /Users/schober/Projects/TSurfing/macos-native
    write-file /tmp/p2b-macos/Build/Intermediates.noindex/GoalflowMac.build/Debug/GoalflowMacTests.build/empty-GoalflowMacTests.plist

WriteAuxiliaryFile /tmp/p2b-macos/Build/Intermediates.noindex/GoalflowMac.build/Debug/GoalflowMacTests.build/Objects-normal/arm64/GoalflowMacTests.SwiftFileList (in target 'GoalflowMacTests' from project 'GoalflowMac')
    cd /Users/schober/Projects/TSurfing/macos-native
    write-file /tmp/p2b-macos/Build/Intermediates.noindex/GoalflowMac.build/Debug/GoalflowMacTests.build/Objects-normal/arm64/GoalflowMacTests.SwiftFileList

WriteAuxiliaryFile /tmp/p2b-macos/Build/Intermediates.noindex/GoalflowMac.build/Debug/GoalflowMacTests.build/Objects-normal/arm64/GoalflowMacTests_const_extract_protocols.json (in target 'GoalflowMacTests' from project 'GoalflowMac')
    cd /Users/schober/Projects/TSurfing/macos-native
    write-file /tmp/p2b-macos/Build/Intermediates.noindex/GoalflowMac.build/Debug/GoalflowMacTests.build/Objects-normal/arm64/GoalflowMacTests_const_extract_protocols.json

WriteAuxiliaryFile /tmp/p2b-macos/Build/Intermediates.noindex/GoalflowMac.build/Debug/GoalflowMacTests.build/Objects-normal/arm64/GoalflowMacTests.SwiftConstValuesFileList (in target 'GoalflowMacTests' from project 'GoalflowMac')
    cd /Users/schober/Projects/TSurfing/macos-native
    write-file /tmp/p2b-macos/Build/Intermediates.noindex/GoalflowMac.build/Debug/GoalflowMacTests.build/Objects-normal/arm64/GoalflowMacTests.SwiftConstValuesFileList

WriteAuxiliaryFile /tmp/p2b-macos/Build/Intermediates.noindex/GoalflowMac.build/Debug/GoalflowMacTests.build/Objects-normal/arm64/GoalflowMacTests.LinkFileList (in target 'GoalflowMacTests' from project 'GoalflowMac')
    cd /Users/schober/Projects/TSurfing/macos-native
    write-file /tmp/p2b-macos/Build/Intermediates.noindex/GoalflowMac.build/Debug/GoalflowMacTests.build/Objects-normal/arm64/GoalflowMacTests.LinkFileList

WriteAuxiliaryFile /tmp/p2b-macos/Build/Intermediates.noindex/GoalflowMac.build/Debug/GoalflowMacTests.build/Objects-normal/arm64/GoalflowMacTests-OutputFileMap.json (in target 'GoalflowMacTests' from project 'GoalflowMac')
    cd /Users/schober/Projects/TSurfing/macos-native
    write-file /tmp/p2b-macos/Build/Intermediates.noindex/GoalflowMac.build/Debug/GoalflowMacTests.build/Objects-normal/arm64/GoalflowMacTests-OutputFileMap.json

WriteAuxiliaryFile /tmp/p2b-macos/Build/Intermediates.noindex/GoalflowMac.build/Debug/GoalflowMacTests.build/GoalflowMacTests.DependencyStaticMetadataFileList (in target 'GoalflowMacTests' from project 'GoalflowMac')
    cd /Users/schober/Projects/TSurfing/macos-native
    write-file /tmp/p2b-macos/Build/Intermediates.noindex/GoalflowMac.build/Debug/GoalflowMacTests.build/GoalflowMacTests.DependencyStaticMetadataFileList

WriteAuxiliaryFile /tmp/p2b-macos/Build/Intermediates.noindex/GoalflowMac.build/Debug/GoalflowMacTests.build/GoalflowMacTests.DependencyMetadataFileList (in target 'GoalflowMacTests' from project 'GoalflowMac')
    cd /Users/schober/Projects/TSurfing/macos-native
    write-file /tmp/p2b-macos/Build/Intermediates.noindex/GoalflowMac.build/Debug/GoalflowMacTests.build/GoalflowMacTests.DependencyMetadataFileList

WriteAuxiliaryFile /tmp/p2b-macos/Build/Intermediates.noindex/GoalflowMac.build/Debug/GoalflowMacTests.build/GoalflowMacTests-project-headers.hmap (in target 'GoalflowMacTests' from project 'GoalflowMac')
    cd /Users/schober/Projects/TSurfing/macos-native
    write-file /tmp/p2b-macos/Build/Intermediates.noindex/GoalflowMac.build/Debug/GoalflowMacTests.build/GoalflowMacTests-project-headers.hmap

WriteAuxiliaryFile /tmp/p2b-macos/Build/Intermediates.noindex/GoalflowMac.build/Debug/GoalflowMacTests.build/GoalflowMacTests-own-target-headers.hmap (in target 'GoalflowMacTests' from project 'GoalflowMac')
    cd /Users/schober/Projects/TSurfing/macos-native
    write-file /tmp/p2b-macos/Build/Intermediates.noindex/GoalflowMac.build/Debug/GoalflowMacTests.build/GoalflowMacTests-own-target-headers.hmap

WriteAuxiliaryFile /tmp/p2b-macos/Build/Intermediates.noindex/GoalflowMac.build/Debug/GoalflowMacTests.build/GoalflowMacTests-generated-files.hmap (in target 'GoalflowMacTests' from project 'GoalflowMac')
    cd /Users/schober/Projects/TSurfing/macos-native
    write-file /tmp/p2b-macos/Build/Intermediates.noindex/GoalflowMac.build/Debug/GoalflowMacTests.build/GoalflowMacTests-generated-files.hmap

WriteAuxiliaryFile /tmp/p2b-macos/Build/Intermediates.noindex/GoalflowMac.build/Debug/GoalflowMacTests.build/GoalflowMacTests-all-target-headers.hmap (in target 'GoalflowMacTests' from project 'GoalflowMac')
    cd /Users/schober/Projects/TSurfing/macos-native
    write-file /tmp/p2b-macos/Build/Intermediates.noindex/GoalflowMac.build/Debug/GoalflowMacTests.build/GoalflowMacTests-all-target-headers.hmap

WriteAuxiliaryFile /tmp/p2b-macos/Build/Intermediates.noindex/GoalflowMac.build/Debug/GoalflowMacTests.build/GoalflowMacTests-all-non-framework-target-headers.hmap (in target 'GoalflowMacTests' from project 'GoalflowMac')
    cd /Users/schober/Projects/TSurfing/macos-native
    write-file /tmp/p2b-macos/Build/Intermediates.noindex/GoalflowMac.build/Debug/GoalflowMacTests.build/GoalflowMacTests-all-non-framework-target-headers.hmap

WriteAuxiliaryFile /tmp/p2b-macos/Build/Intermediates.noindex/GoalflowMac.build/Debug/GoalflowMac.build/Tsurfing-all-non-framework-target-headers.hmap (in target 'GoalflowMac' from project 'GoalflowMac')
    cd /Users/schober/Projects/TSurfing/macos-native
    write-file /tmp/p2b-macos/Build/Intermediates.noindex/GoalflowMac.build/Debug/GoalflowMac.build/Tsurfing-all-non-framework-target-headers.hmap

WriteAuxiliaryFile /tmp/p2b-macos/Build/Intermediates.noindex/GoalflowMac.build/Debug/GoalflowMac.build/Tsurfing.DependencyMetadataFileList (in target 'GoalflowMac' from project 'GoalflowMac')
    cd /Users/schober/Projects/TSurfing/macos-native
    write-file /tmp/p2b-macos/Build/Intermediates.noindex/GoalflowMac.build/Debug/GoalflowMac.build/Tsurfing.DependencyMetadataFileList

WriteAuxiliaryFile /tmp/p2b-macos/Build/Intermediates.noindex/GoalflowMac.build/Debug/GoalflowMac.build/Tsurfing.DependencyStaticMetadataFileList (in target 'GoalflowMac' from project 'GoalflowMac')
    cd /Users/schober/Projects/TSurfing/macos-native
    write-file /tmp/p2b-macos/Build/Intermediates.noindex/GoalflowMac.build/Debug/GoalflowMac.build/Tsurfing.DependencyStaticMetadataFileList

WriteAuxiliaryFile /tmp/p2b-macos/Build/Intermediates.noindex/GoalflowMac.build/Debug/GoalflowMac.build/Tsurfing-DebugDylibInstallName-normal-arm64.txt (in target 'GoalflowMac' from project 'GoalflowMac')
    cd /Users/schober/Projects/TSurfing/macos-native
    write-file /tmp/p2b-macos/Build/Intermediates.noindex/GoalflowMac.build/Debug/GoalflowMac.build/Tsurfing-DebugDylibInstallName-normal-arm64.txt

WriteAuxiliaryFile /tmp/p2b-macos/Build/Intermediates.noindex/GoalflowMac.build/Debug/GoalflowMac.build/Tsurfing-DebugDylibPath-normal-arm64.txt (in target 'GoalflowMac' from project 'GoalflowMac')
    cd /Users/schober/Projects/TSurfing/macos-native
    write-file /tmp/p2b-macos/Build/Intermediates.noindex/GoalflowMac.build/Debug/GoalflowMac.build/Tsurfing-DebugDylibPath-normal-arm64.txt

WriteAuxiliaryFile /tmp/p2b-macos/Build/Intermediates.noindex/GoalflowMac.build/Debug/GoalflowMac.build/Objects-normal/arm64/Tsurfing.SwiftFileList (in target 'GoalflowMac' from project 'GoalflowMac')
    cd /Users/schober/Projects/TSurfing/macos-native
    write-file /tmp/p2b-macos/Build/Intermediates.noindex/GoalflowMac.build/Debug/GoalflowMac.build/Objects-normal/arm64/Tsurfing.SwiftFileList

WriteAuxiliaryFile /tmp/p2b-macos/Build/Intermediates.noindex/GoalflowMac.build/Debug/GoalflowMac.build/Objects-normal/arm64/Tsurfing.SwiftConstValuesFileList (in target 'GoalflowMac' from project 'GoalflowMac')
    cd /Users/schober/Projects/TSurfing/macos-native
    write-file /tmp/p2b-macos/Build/Intermediates.noindex/GoalflowMac.build/Debug/GoalflowMac.build/Objects-normal/arm64/Tsurfing.SwiftConstValuesFileList

WriteAuxiliaryFile /tmp/p2b-macos/Build/Intermediates.noindex/GoalflowMac.build/Debug/GoalflowMac.build/Objects-normal/arm64/Tsurfing.LinkFileList (in target 'GoalflowMac' from project 'GoalflowMac')
    cd /Users/schober/Projects/TSurfing/macos-native
    write-file /tmp/p2b-macos/Build/Intermediates.noindex/GoalflowMac.build/Debug/GoalflowMac.build/Objects-normal/arm64/Tsurfing.LinkFileList

WriteAuxiliaryFile /tmp/p2b-macos/Build/Intermediates.noindex/GoalflowMac.build/Debug/GoalflowMac.build/Objects-normal/arm64/GoalflowMac_const_extract_protocols.json (in target 'GoalflowMac' from project 'GoalflowMac')
    cd /Users/schober/Projects/TSurfing/macos-native
    write-file /tmp/p2b-macos/Build/Intermediates.noindex/GoalflowMac.build/Debug/GoalflowMac.build/Objects-normal/arm64/GoalflowMac_const_extract_protocols.json

WriteAuxiliaryFile /tmp/p2b-macos/Build/Intermediates.noindex/GoalflowMac.build/Debug/GoalflowMac.build/Objects-normal/arm64/GoalflowMac-OutputFileMap.json (in target 'GoalflowMac' from project 'GoalflowMac')
    cd /Users/schober/Projects/TSurfing/macos-native
    write-file /tmp/p2b-macos/Build/Intermediates.noindex/GoalflowMac.build/Debug/GoalflowMac.build/Objects-normal/arm64/GoalflowMac-OutputFileMap.json

MkDir /tmp/p2b-macos/Build/Products/Debug/Tsurfing.app/Contents/PlugIns/GoalflowMacTests.xctest/Contents (in target 'GoalflowMacTests' from project 'GoalflowMac')
    cd /Users/schober/Projects/TSurfing/macos-native
    /bin/mkdir -p /tmp/p2b-macos/Build/Products/Debug/Tsurfing.app/Contents/PlugIns/GoalflowMacTests.xctest/Contents

MkDir /tmp/p2b-macos/Build/Products/Debug/Tsurfing.app/Contents/PlugIns/GoalflowMacTests.xctest (in target 'GoalflowMacTests' from project 'GoalflowMac')
    cd /Users/schober/Projects/TSurfing/macos-native
    /bin/mkdir -p /tmp/p2b-macos/Build/Products/Debug/Tsurfing.app/Contents/PlugIns/GoalflowMacTests.xctest

MkDir /tmp/p2b-macos/Build/Products/Debug/Tsurfing.app/Contents/Resources (in target 'GoalflowMac' from project 'GoalflowMac')
    cd /Users/schober/Projects/TSurfing/macos-native
    /bin/mkdir -p /tmp/p2b-macos/Build/Products/Debug/Tsurfing.app/Contents/Resources

MkDir /tmp/p2b-macos/Build/Products/Debug/Tsurfing.app/Contents/PlugIns/GoalflowMacTests.xctest/Contents/MacOS (in target 'GoalflowMacTests' from project 'GoalflowMac')
    cd /Users/schober/Projects/TSurfing/macos-native
    /bin/mkdir -p /tmp/p2b-macos/Build/Products/Debug/Tsurfing.app/Contents/PlugIns/GoalflowMacTests.xctest/Contents/MacOS

MkDir /tmp/p2b-macos/Build/Products/Debug/Tsurfing.app/Contents/PlugIns (in target 'GoalflowMac' from project 'GoalflowMac')
    cd /Users/schober/Projects/TSurfing/macos-native
    /bin/mkdir -p /tmp/p2b-macos/Build/Products/Debug/Tsurfing.app/Contents/PlugIns

MkDir /tmp/p2b-macos/Build/Products/Debug/Tsurfing.app/Contents/MacOS (in target 'GoalflowMac' from project 'GoalflowMac')
    cd /Users/schober/Projects/TSurfing/macos-native
    /bin/mkdir -p /tmp/p2b-macos/Build/Products/Debug/Tsurfing.app/Contents/MacOS

MkDir /tmp/p2b-macos/Build/Products/Debug/Tsurfing.app/Contents/Frameworks (in target 'GoalflowMac' from project 'GoalflowMac')
    cd /Users/schober/Projects/TSurfing/macos-native
    /bin/mkdir -p /tmp/p2b-macos/Build/Products/Debug/Tsurfing.app/Contents/Frameworks

MkDir /tmp/p2b-macos/Build/Products/Debug/Tsurfing.app/Contents (in target 'GoalflowMac' from project 'GoalflowMac')
    cd /Users/schober/Projects/TSurfing/macos-native
    /bin/mkdir -p /tmp/p2b-macos/Build/Products/Debug/Tsurfing.app/Contents

MkDir /tmp/p2b-macos/Build/Products/Debug/Tsurfing.app (in target 'GoalflowMac' from project 'GoalflowMac')
    cd /Users/schober/Projects/TSurfing/macos-native
    /bin/mkdir -p /tmp/p2b-macos/Build/Products/Debug/Tsurfing.app

Ld /tmp/p2b-macos/Build/Products/Debug/Tsurfing.app/Contents/MacOS/__preview.dylib normal (in target 'GoalflowMac' from project 'GoalflowMac')
    cd /Users/schober/Projects/TSurfing/macos-native
    /Applications/Xcode.app/Contents/Developer/Toolchains/XcodeDefault.xctoolchain/usr/bin/clang -Xlinker -reproducible -target arm64-apple-macos15.0 -dynamiclib -isysroot /Applications/Xcode.app/Contents/Developer/Platforms/MacOSX.platform/Developer/SDKs/MacOSX26.5.sdk -O0 -L/tmp/p2b-macos/Build/Products/Debug -F/tmp/p2b-macos/Build/Products/Debug -install_name @rpath/Tsurfing.debug.dylib -rdynamic -Xlinker -no_deduplicate -Xlinker -dependency_info -Xlinker /tmp/p2b-macos/Build/Intermediates.noindex/GoalflowMac.build/Debug/GoalflowMac.build/Objects-normal/arm64/Tsurfing_dependency_info.dat -o /tmp/p2b-macos/Build/Products/Debug/Tsurfing.app/Contents/MacOS/__preview.dylib

CpResource /tmp/p2b-macos/Build/Products/Debug/Tsurfing.app/Contents/Resources/clock-tock.wav /Users/schober/Projects/TSurfing/macos-native/GoalflowMac/Resources/clock-tock.wav (in target 'GoalflowMac' from project 'GoalflowMac')
    cd /Users/schober/Projects/TSurfing/macos-native
    builtin-copy -exclude .DS_Store -exclude CVS -exclude .svn -exclude .git -exclude .hg -resolve-src-symlinks /Users/schober/Projects/TSurfing/macos-native/GoalflowMac/Resources/clock-tock.wav /tmp/p2b-macos/Build/Products/Debug/Tsurfing.app/Contents/Resources

CpResource /tmp/p2b-macos/Build/Products/Debug/Tsurfing.app/Contents/Resources/clock-tick.wav /Users/schober/Projects/TSurfing/macos-native/GoalflowMac/Resources/clock-tick.wav (in target 'GoalflowMac' from project 'GoalflowMac')
    cd /Users/schober/Projects/TSurfing/macos-native
    builtin-copy -exclude .DS_Store -exclude CVS -exclude .svn -exclude .git -exclude .hg -resolve-src-symlinks /Users/schober/Projects/TSurfing/macos-native/GoalflowMac/Resources/clock-tick.wav /tmp/p2b-macos/Build/Products/Debug/Tsurfing.app/Contents/Resources

MkDir /tmp/p2b-macos/Build/Intermediates.noindex/GoalflowMac.build/Debug/GoalflowMac.build/assetcatalog_output/thinned (in target 'GoalflowMac' from project 'GoalflowMac')
    cd /Users/schober/Projects/TSurfing/macos-native
    /bin/mkdir -p /tmp/p2b-macos/Build/Intermediates.noindex/GoalflowMac.build/Debug/GoalflowMac.build/assetcatalog_output/thinned

MkDir /tmp/p2b-macos/Build/Intermediates.noindex/GoalflowMac.build/Debug/GoalflowMac.build/assetcatalog_output/unthinned (in target 'GoalflowMac' from project 'GoalflowMac')
    cd /Users/schober/Projects/TSurfing/macos-native
    /bin/mkdir -p /tmp/p2b-macos/Build/Intermediates.noindex/GoalflowMac.build/Debug/GoalflowMac.build/assetcatalog_output/unthinned

CpResource /tmp/p2b-macos/Build/Products/Debug/Tsurfing.app/Contents/Resources/PrivacyInfo.xcprivacy /Users/schober/Projects/TSurfing/macos-native/GoalflowMac/Resources/PrivacyInfo.xcprivacy (in target 'GoalflowMac' from project 'GoalflowMac')
    cd /Users/schober/Projects/TSurfing/macos-native
    builtin-copy -exclude .DS_Store -exclude CVS -exclude .svn -exclude .git -exclude .hg -resolve-src-symlinks /Users/schober/Projects/TSurfing/macos-native/GoalflowMac/Resources/PrivacyInfo.xcprivacy /tmp/p2b-macos/Build/Products/Debug/Tsurfing.app/Contents/Resources

CpResource /tmp/p2b-macos/Build/Products/Debug/Tsurfing.app/Contents/Resources/CLOCK_AUDIO_LICENSE.md /Users/schober/Projects/TSurfing/macos-native/GoalflowMac/Resources/CLOCK_AUDIO_LICENSE.md (in target 'GoalflowMac' from project 'GoalflowMac')
    cd /Users/schober/Projects/TSurfing/macos-native
    builtin-copy -exclude .DS_Store -exclude CVS -exclude .svn -exclude .git -exclude .hg -resolve-src-symlinks /Users/schober/Projects/TSurfing/macos-native/GoalflowMac/Resources/CLOCK_AUDIO_LICENSE.md /tmp/p2b-macos/Build/Products/Debug/Tsurfing.app/Contents/Resources

GenerateAssetSymbols /Users/schober/Projects/TSurfing/macos-native/GoalflowMac/Resources/Assets.xcassets (in target 'GoalflowMac' from project 'GoalflowMac')
    cd /Users/schober/Projects/TSurfing/macos-native
    /Applications/Xcode.app/Contents/Developer/usr/bin/actool /Users/schober/Projects/TSurfing/macos-native/GoalflowMac/Resources/Assets.xcassets --compile /tmp/p2b-macos/Build/Products/Debug/Tsurfing.app/Contents/Resources --output-format human-readable-text --notices --warnings --export-dependency-info /tmp/p2b-macos/Build/Intermediates.noindex/GoalflowMac.build/Debug/GoalflowMac.build/assetcatalog_dependencies --output-partial-info-plist /tmp/p2b-macos/Build/Intermediates.noindex/GoalflowMac.build/Debug/GoalflowMac.build/assetcatalog_generated_info.plist --app-icon AppIcon --enable-on-demand-resources NO --development-region en --target-device mac --minimum-deployment-target 15.0 --platform macosx --bundle-identifier com.mariusschober.tsurfing.mac --generate-swift-asset-symbol-extensions NO --generate-swift-asset-symbols /tmp/p2b-macos/Build/Intermediates.noindex/GoalflowMac.build/Debug/GoalflowMac.build/DerivedSources/GeneratedAssetSymbols.swift --generate-objc-asset-symbols /tmp/p2b-macos/Build/Intermediates.noindex/GoalflowMac.build/Debug/GoalflowMac.build/DerivedSources/GeneratedAssetSymbols.h --generate-asset-symbol-index /tmp/p2b-macos/Build/Intermediates.noindex/GoalflowMac.build/Debug/GoalflowMac.build/DerivedSources/GeneratedAssetSymbols-Index.plist
/* com.apple.actool.compilation-results */
/tmp/p2b-macos/Build/Intermediates.noindex/GoalflowMac.build/Debug/GoalflowMac.build/DerivedSources/GeneratedAssetSymbols-Index.plist
/tmp/p2b-macos/Build/Intermediates.noindex/GoalflowMac.build/Debug/GoalflowMac.build/DerivedSources/GeneratedAssetSymbols.h
/tmp/p2b-macos/Build/Intermediates.noindex/GoalflowMac.build/Debug/GoalflowMac.build/DerivedSources/GeneratedAssetSymbols.swift


Copy /tmp/p2b-macos/Build/Products/Debug/Tsurfing.app/Contents/Frameworks/libXCTestSwiftSupport.dylib /Applications/Xcode.app/Contents/Developer/Platforms/MacOSX.platform/Developer/usr/lib/libXCTestSwiftSupport.dylib (in target 'GoalflowMac' from project 'GoalflowMac')
    cd /Users/schober/Projects/TSurfing/macos-native
    builtin-copy -exclude .DS_Store -exclude CVS -exclude .svn -exclude .git -exclude .hg -exclude Headers -exclude PrivateHeaders -exclude Modules -exclude \*.tbd -resolve-src-symlinks /Applications/Xcode.app/Contents/Developer/Platforms/MacOSX.platform/Developer/usr/lib/libXCTestSwiftSupport.dylib /tmp/p2b-macos/Build/Products/Debug/Tsurfing.app/Contents/Frameworks

Copy /tmp/p2b-macos/Build/Products/Debug/Tsurfing.app/Contents/Frameworks/libXCTestBundleInject.dylib /Applications/Xcode.app/Contents/Developer/Platforms/MacOSX.platform/Developer/usr/lib/libXCTestBundleInject.dylib (in target 'GoalflowMac' from project 'GoalflowMac')
    cd /Users/schober/Projects/TSurfing/macos-native
    builtin-copy -exclude .DS_Store -exclude CVS -exclude .svn -exclude .git -exclude .hg -exclude Headers -exclude PrivateHeaders -exclude Modules -exclude \*.tbd -resolve-src-symlinks /Applications/Xcode.app/Contents/Developer/Platforms/MacOSX.platform/Developer/usr/lib/libXCTestBundleInject.dylib /tmp/p2b-macos/Build/Products/Debug/Tsurfing.app/Contents/Frameworks

Copy /tmp/p2b-macos/Build/Products/Debug/Tsurfing.app/Contents/Frameworks/XCUnit.framework /Applications/Xcode.app/Contents/Developer/Platforms/MacOSX.platform/Developer/Library/PrivateFrameworks/XCUnit.framework (in target 'GoalflowMac' from project 'GoalflowMac')
    cd /Users/schober/Projects/TSurfing/macos-native
    builtin-copy -exclude .DS_Store -exclude CVS -exclude .svn -exclude .git -exclude .hg -exclude Headers -exclude PrivateHeaders -exclude Modules -exclude \*.tbd -resolve-src-symlinks /Applications/Xcode.app/Contents/Developer/Platforms/MacOSX.platform/Developer/Library/PrivateFrameworks/XCUnit.framework /tmp/p2b-macos/Build/Products/Debug/Tsurfing.app/Contents/Frameworks

Copy /tmp/p2b-macos/Build/Products/Debug/Tsurfing.app/Contents/Frameworks/XCUIAutomation.framework /Applications/Xcode.app/Contents/Developer/Platforms/MacOSX.platform/Developer/Library/Frameworks/XCUIAutomation.framework (in target 'GoalflowMac' from project 'GoalflowMac')
    cd /Users/schober/Projects/TSurfing/macos-native
    builtin-copy -exclude .DS_Store -exclude CVS -exclude .svn -exclude .git -exclude .hg -exclude Headers -exclude PrivateHeaders -exclude Modules -exclude \*.tbd -resolve-src-symlinks /Applications/Xcode.app/Contents/Developer/Platforms/MacOSX.platform/Developer/Library/Frameworks/XCUIAutomation.framework /tmp/p2b-macos/Build/Products/Debug/Tsurfing.app/Contents/Frameworks

Copy /tmp/p2b-macos/Build/Products/Debug/Tsurfing.app/Contents/Frameworks/XCTestSupport.framework /Applications/Xcode.app/Contents/Developer/Platforms/MacOSX.platform/Developer/Library/PrivateFrameworks/XCTestSupport.framework (in target 'GoalflowMac' from project 'GoalflowMac')
    cd /Users/schober/Projects/TSurfing/macos-native
    builtin-copy -exclude .DS_Store -exclude CVS -exclude .svn -exclude .git -exclude .hg -exclude Headers -exclude PrivateHeaders -exclude Modules -exclude \*.tbd -resolve-src-symlinks /Applications/Xcode.app/Contents/Developer/Platforms/MacOSX.platform/Developer/Library/PrivateFrameworks/XCTestSupport.framework /tmp/p2b-macos/Build/Products/Debug/Tsurfing.app/Contents/Frameworks

Copy /tmp/p2b-macos/Build/Products/Debug/Tsurfing.app/Contents/Frameworks/XCTestCore.framework /Applications/Xcode.app/Contents/Developer/Platforms/MacOSX.platform/Developer/Library/PrivateFrameworks/XCTestCore.framework (in target 'GoalflowMac' from project 'GoalflowMac')
    cd /Users/schober/Projects/TSurfing/macos-native
    builtin-copy -exclude .DS_Store -exclude CVS -exclude .svn -exclude .git -exclude .hg -exclude Headers -exclude PrivateHeaders -exclude Modules -exclude \*.tbd -resolve-src-symlinks /Applications/Xcode.app/Contents/Developer/Platforms/MacOSX.platform/Developer/Library/PrivateFrameworks/XCTestCore.framework /tmp/p2b-macos/Build/Products/Debug/Tsurfing.app/Contents/Frameworks

Copy /tmp/p2b-macos/Build/Products/Debug/Tsurfing.app/Contents/Frameworks/XCTest.framework /Applications/Xcode.app/Contents/Developer/Platforms/MacOSX.platform/Developer/Library/Frameworks/XCTest.framework (in target 'GoalflowMac' from project 'GoalflowMac')
    cd /Users/schober/Projects/TSurfing/macos-native
    builtin-copy -exclude .DS_Store -exclude CVS -exclude .svn -exclude .git -exclude .hg -exclude Headers -exclude PrivateHeaders -exclude Modules -exclude \*.tbd -resolve-src-symlinks /Applications/Xcode.app/Contents/Developer/Platforms/MacOSX.platform/Developer/Library/Frameworks/XCTest.framework /tmp/p2b-macos/Build/Products/Debug/Tsurfing.app/Contents/Frameworks

Copy /tmp/p2b-macos/Build/Products/Debug/Tsurfing.app/Contents/Frameworks/XCTAutomationSupport.framework /Applications/Xcode.app/Contents/Developer/Platforms/MacOSX.platform/Developer/Library/PrivateFrameworks/XCTAutomationSupport.framework (in target 'GoalflowMac' from project 'GoalflowMac')
    cd /Users/schober/Projects/TSurfing/macos-native
    builtin-copy -exclude .DS_Store -exclude CVS -exclude .svn -exclude .git -exclude .hg -exclude Headers -exclude PrivateHeaders -exclude Modules -exclude \*.tbd -resolve-src-symlinks /Applications/Xcode.app/Contents/Developer/Platforms/MacOSX.platform/Developer/Library/PrivateFrameworks/XCTAutomationSupport.framework /tmp/p2b-macos/Build/Products/Debug/Tsurfing.app/Contents/Frameworks

Copy /tmp/p2b-macos/Build/Products/Debug/Tsurfing.app/Contents/Frameworks/Testing.framework /Applications/Xcode.app/Contents/Developer/Platforms/MacOSX.platform/Developer/Library/Frameworks/Testing.framework (in target 'GoalflowMac' from project 'GoalflowMac')
    cd /Users/schober/Projects/TSurfing/macos-native
    builtin-copy -exclude .DS_Store -exclude CVS -exclude .svn -exclude .git -exclude .hg -exclude Headers -exclude PrivateHeaders -exclude Modules -exclude \*.tbd -resolve-src-symlinks /Applications/Xcode.app/Contents/Developer/Platforms/MacOSX.platform/Developer/Library/Frameworks/Testing.framework /tmp/p2b-macos/Build/Products/Debug/Tsurfing.app/Contents/Frameworks

CompileAssetCatalogVariant thinned /tmp/p2b-macos/Build/Products/Debug/Tsurfing.app/Contents/Resources /Users/schober/Projects/TSurfing/macos-native/GoalflowMac/Resources/Assets.xcassets (in target 'GoalflowMac' from project 'GoalflowMac')
    cd /Users/schober/Projects/TSurfing/macos-native
    /Applications/Xcode.app/Contents/Developer/usr/bin/actool /Users/schober/Projects/TSurfing/macos-native/GoalflowMac/Resources/Assets.xcassets --compile /tmp/p2b-macos/Build/Intermediates.noindex/GoalflowMac.build/Debug/GoalflowMac.build/assetcatalog_output/thinned --output-format human-readable-text --notices --warnings --export-dependency-info /tmp/p2b-macos/Build/Intermediates.noindex/GoalflowMac.build/Debug/GoalflowMac.build/assetcatalog_dependencies_thinned --output-partial-info-plist /tmp/p2b-macos/Build/Intermediates.noindex/GoalflowMac.build/Debug/GoalflowMac.build/assetcatalog_generated_info.plist_thinned --app-icon AppIcon --enable-on-demand-resources NO --development-region en --target-device mac --minimum-deployment-target 15.0 --platform macosx
/* com.apple.actool.compilation-results */
/tmp/p2b-macos/Build/Intermediates.noindex/GoalflowMac.build/Debug/GoalflowMac.build/assetcatalog_generated_info.plist_thinned
/tmp/p2b-macos/Build/Intermediates.noindex/GoalflowMac.build/Debug/GoalflowMac.build/assetcatalog_output/thinned/AppIcon.icns
/tmp/p2b-macos/Build/Intermediates.noindex/GoalflowMac.build/Debug/GoalflowMac.build/assetcatalog_output/thinned/Assets.car


LinkAssetCatalog /Users/schober/Projects/TSurfing/macos-native/GoalflowMac/Resources/Assets.xcassets (in target 'GoalflowMac' from project 'GoalflowMac')
    cd /Users/schober/Projects/TSurfing/macos-native
    builtin-linkAssetCatalog --thinned /tmp/p2b-macos/Build/Intermediates.noindex/GoalflowMac.build/Debug/GoalflowMac.build/assetcatalog_output/thinned --thinned-dependencies /tmp/p2b-macos/Build/Intermediates.noindex/GoalflowMac.build/Debug/GoalflowMac.build/assetcatalog_dependencies_thinned --thinned-info-plist-content /tmp/p2b-macos/Build/Intermediates.noindex/GoalflowMac.build/Debug/GoalflowMac.build/assetcatalog_generated_info.plist_thinned --unthinned /tmp/p2b-macos/Build/Intermediates.noindex/GoalflowMac.build/Debug/GoalflowMac.build/assetcatalog_output/unthinned --unthinned-dependencies /tmp/p2b-macos/Build/Intermediates.noindex/GoalflowMac.build/Debug/GoalflowMac.build/assetcatalog_dependencies_unthinned --unthinned-info-plist-content /tmp/p2b-macos/Build/Intermediates.noindex/GoalflowMac.build/Debug/GoalflowMac.build/assetcatalog_generated_info.plist_unthinned --output /tmp/p2b-macos/Build/Products/Debug/Tsurfing.app/Contents/Resources --plist-output /tmp/p2b-macos/Build/Intermediates.noindex/GoalflowMac.build/Debug/GoalflowMac.build/assetcatalog_generated_info.plist
note: Emplaced /tmp/p2b-macos/Build/Products/Debug/Tsurfing.app/Contents/Resources/Assets.car (in target 'GoalflowMac' from project 'GoalflowMac')
note: Emplaced /tmp/p2b-macos/Build/Products/Debug/Tsurfing.app/Contents/Resources/AppIcon.icns (in target 'GoalflowMac' from project 'GoalflowMac')

ProcessInfoPlistFile /tmp/p2b-macos/Build/Products/Debug/Tsurfing.app/Contents/Info.plist /Users/schober/Projects/TSurfing/macos-native/GoalflowMac/Resources/Info.plist (in target 'GoalflowMac' from project 'GoalflowMac')
    cd /Users/schober/Projects/TSurfing/macos-native
    builtin-infoPlistUtility /Users/schober/Projects/TSurfing/macos-native/GoalflowMac/Resources/Info.plist -producttype com.apple.product-type.application -genpkginfo /tmp/p2b-macos/Build/Products/Debug/Tsurfing.app/Contents/PkgInfo -expandbuildsettings -platform macosx -additionalcontentfile /tmp/p2b-macos/Build/Intermediates.noindex/GoalflowMac.build/Debug/GoalflowMac.build/assetcatalog_generated_info.plist -o /tmp/p2b-macos/Build/Products/Debug/Tsurfing.app/Contents/Info.plist

SwiftDriver GoalflowMac normal arm64 com.apple.xcode.tools.swift.compiler (in target 'GoalflowMac' from project 'GoalflowMac')
    cd /Users/schober/Projects/TSurfing/macos-native
    builtin-SwiftDriver -- /Applications/Xcode.app/Contents/Developer/Toolchains/XcodeDefault.xctoolchain/usr/bin/swiftc -module-name GoalflowMac -Onone @/tmp/p2b-macos/Build/Intermediates.noindex/GoalflowMac.build/Debug/GoalflowMac.build/Objects-normal/arm64/Tsurfing.SwiftFileList -DDEBUG -enable-bare-slash-regex -enable-experimental-feature DebugDescriptionMacro -sdk /Applications/Xcode.app/Contents/Developer/Platforms/MacOSX.platform/Developer/SDKs/MacOSX26.5.sdk -target arm64-apple-macos15.0 -g -module-cache-path /tmp/p2b-macos/ModuleCache.noindex -Xfrontend -serialize-debugging-options -enable-testing -index-store-path /tmp/p2b-macos/Index.noindex/DataStore -Xcc -D_LIBCPP_HARDENING_MODE\=_LIBCPP_HARDENING_MODE_DEBUG -swift-version 5 -I /tmp/p2b-macos/Build/Products/Debug -F /tmp/p2b-macos/Build/Products/Debug -c -j10 -enable-batch-mode -incremental -Xcc -ivfsstatcache -Xcc /tmp/p2b-macos/SDKStatCaches.noindex/macosx26.5-25F70-e082c4a02f00227109f4ed75e425c832.sdkstatcache -output-file-map /tmp/p2b-macos/Build/Intermediates.noindex/GoalflowMac.build/Debug/GoalflowMac.build/Objects-normal/arm64/GoalflowMac-OutputFileMap.json -use-frontend-parseable-output -save-temps -no-color-diagnostics -explicit-module-build -module-cache-path /tmp/p2b-macos/Build/Intermediates.noindex/SwiftExplicitPrecompiledModules -clang-scanner-module-cache-path /tmp/p2b-macos/ModuleCache.noindex -sdk-module-cache-path /tmp/p2b-macos/ModuleCache.noindex -serialize-diagnostics -emit-dependencies -emit-module -emit-module-path /tmp/p2b-macos/Build/Intermediates.noindex/GoalflowMac.build/Debug/GoalflowMac.build/Objects-normal/arm64/GoalflowMac.swiftmodule -validate-clang-modules-once -clang-build-session-file /tmp/p2b-macos/ModuleCache.noindex/Session.modulevalidation -Xcc -I/tmp/p2b-macos/Build/Intermediates.noindex/GoalflowMac.build/Debug/GoalflowMac.build/swift-overrides.hmap -emit-const-values -Xfrontend -const-gather-protocols-file -Xfrontend /tmp/p2b-macos/Build/Intermediates.noindex/GoalflowMac.build/Debug/GoalflowMac.build/Objects-normal/arm64/GoalflowMac_const_extract_protocols.json -Xcc -iquote -Xcc /tmp/p2b-macos/Build/Intermediates.noindex/GoalflowMac.build/Debug/GoalflowMac.build/Tsurfing-generated-files.hmap -Xcc -I/tmp/p2b-macos/Build/Intermediates.noindex/GoalflowMac.build/Debug/GoalflowMac.build/Tsurfing-own-target-headers.hmap -Xcc -I/tmp/p2b-macos/Build/Intermediates.noindex/GoalflowMac.build/Debug/GoalflowMac.build/Tsurfing-all-target-headers.hmap -Xcc -iquote -Xcc /tmp/p2b-macos/Build/Intermediates.noindex/GoalflowMac.build/Debug/GoalflowMac.build/Tsurfing-project-headers.hmap -Xcc -I/tmp/p2b-macos/Build/Products/Debug/include -Xcc -I/tmp/p2b-macos/Build/Intermediates.noindex/GoalflowMac.build/Debug/GoalflowMac.build/DerivedSources-normal/arm64 -Xcc -I/tmp/p2b-macos/Build/Intermediates.noindex/GoalflowMac.build/Debug/GoalflowMac.build/DerivedSources/arm64 -Xcc -I/tmp/p2b-macos/Build/Intermediates.noindex/GoalflowMac.build/Debug/GoalflowMac.build/DerivedSources -Xcc -DDEBUG\=1 -emit-objc-header -emit-objc-header-path /tmp/p2b-macos/Build/Intermediates.noindex/GoalflowMac.build/Debug/GoalflowMac.build/Objects-normal/arm64/GoalflowMac-Swift.h -working-directory /Users/schober/Projects/TSurfing/macos-native -experimental-emit-module-separately -disable-cmo

SwiftExplicitDependencyGeneratePcm arm64 /tmp/p2b-macos/ModuleCache.noindex/_Builtin_stdbool-8OFLTDFB0PQPP0ZSIK3PBRXPG.pcm

SwiftExplicitDependencyGeneratePcm arm64 /tmp/p2b-macos/ModuleCache.noindex/_SwiftConcurrencyShims-C9STSST33FSMLMIDUDNGAP2HV.pcm

SwiftExplicitDependencyGeneratePcm arm64 /tmp/p2b-macos/ModuleCache.noindex/ptrcheck-EHWFB9TFVWTOMU970EM6RHRSG.pcm

SwiftExplicitDependencyGeneratePcm arm64 /tmp/p2b-macos/ModuleCache.noindex/ptrauth-2YK0M4R26TSQY0P4WRTR8SZDF.pcm

SwiftExplicitDependencyGeneratePcm arm64 /tmp/p2b-macos/ModuleCache.noindex/_AvailabilityInternal-8Z5KQTNNO9YITBJ0DNESZDPAL.pcm

SwiftExplicitDependencyGeneratePcm arm64 /tmp/p2b-macos/ModuleCache.noindex/_Builtin_stddef-1B2EWDVXAOM7U95A0W40PK7RR.pcm

SwiftExplicitDependencyGeneratePcm arm64 /tmp/p2b-macos/ModuleCache.noindex/DeveloperToolsSupport-6LED3SJ0IGN1ADZPZ334NAUK6.pcm

SwiftExplicitDependencyGeneratePcm arm64 /tmp/p2b-macos/ModuleCache.noindex/_Builtin_float-C8KAS8NKGYNEFY049IHQJGJGZ.pcm

SwiftExplicitDependencyGeneratePcm arm64 /tmp/p2b-macos/ModuleCache.noindex/SwiftShims-7A3OF44LCRV3KXR1HEQHE840G.pcm

SwiftExplicitDependencyGeneratePcm arm64 /tmp/p2b-macos/ModuleCache.noindex/_Builtin_stdarg-5PDLU1JAZMHIMOHZ7CJZZUSUQ.pcm

SwiftExplicitDependencyGeneratePcm arm64 /tmp/p2b-macos/ModuleCache.noindex/_DarwinFoundation1-6223INMZILFKS3QH3GPEXDANS.pcm

SwiftExplicitDependencyGeneratePcm arm64 /tmp/p2b-macos/ModuleCache.noindex/_DarwinFoundation2-F1NDFDJOCDV2LR7HLEGJ11265.pcm

SwiftExplicitDependencyGeneratePcm arm64 /tmp/p2b-macos/ModuleCache.noindex/_Builtin_limits-CLEMOVLSEPULCPQ0FUY4LB0EP.pcm

SwiftExplicitDependencyGeneratePcm arm64 /tmp/p2b-macos/ModuleCache.noindex/_Builtin_stdint-D032V4ESCXE76BNITGLHHR5PI.pcm

SwiftExplicitDependencyGeneratePcm arm64 /tmp/p2b-macos/ModuleCache.noindex/sys_types-3VWPH5ILL86LTBD0OALB9WYWV.pcm

SwiftExplicitDependencyGeneratePcm arm64 /tmp/p2b-macos/ModuleCache.noindex/_Builtin_tgmath-D8CNPCEX7H6VPFGP89EQ72G8K.pcm

SwiftExplicitDependencyGeneratePcm arm64 /tmp/p2b-macos/ModuleCache.noindex/_Builtin_stdatomic-6M073RVMJF7E83LUSV459MDX3.pcm

SwiftExplicitDependencyGeneratePcm arm64 /tmp/p2b-macos/ModuleCache.noindex/OpenGL-BC7JOEBHP7WGMBBN3LNXLP2KW.pcm

SwiftExplicitDependencyGeneratePcm arm64 /tmp/p2b-macos/ModuleCache.noindex/libDER-28ZHEG35X2HJY0CMGLTZH4PO1.pcm

SwiftExplicitDependencyGeneratePcm arm64 /tmp/p2b-macos/ModuleCache.noindex/_Builtin_intrinsics-64PNMRL21SP82GX3ZQP21ZY4Y.pcm

SwiftExplicitDependencyGeneratePcm arm64 /tmp/p2b-macos/ModuleCache.noindex/_DarwinFoundation3-EILRPYDP1E03N9CSW4ZFNGODI.pcm

SwiftExplicitDependencyGeneratePcm arm64 /tmp/p2b-macos/ModuleCache.noindex/_Builtin_inttypes-D7ZKPJSOL3JQ59036H7APKJ7E.pcm

SwiftExplicitDependencyGeneratePcm arm64 /tmp/p2b-macos/ModuleCache.noindex/Darwin-7EYECBLG2DI6YR3J1SZ3OIS6O.pcm

SwiftExplicitDependencyGeneratePcm arm64 /tmp/p2b-macos/ModuleCache.noindex/simd-3Z5J017P7JY6KVOH5HRQF6KCU.pcm

SwiftExplicitDependencyGeneratePcm arm64 /tmp/p2b-macos/ModuleCache.noindex/MachO-5QZNRSRBJ7AED238HM31M0LTO.pcm

SwiftExplicitDependencyGeneratePcm arm64 /tmp/p2b-macos/ModuleCache.noindex/launch-77GBQMG1KQFWRYDV5DG1OYEY6.pcm

SwiftExplicitDependencyGeneratePcm arm64 /tmp/p2b-macos/ModuleCache.noindex/CUPS-11K7IQFFYWP2MMNS2IO545PJY.pcm

SwiftExplicitDependencyGeneratePcm arm64 /tmp/p2b-macos/ModuleCache.noindex/libkern-8VF85QIJ5YCBHCSBR6IEQNIJU.pcm

SwiftExplicitDependencyGeneratePcm arm64 /tmp/p2b-macos/ModuleCache.noindex/ObjectiveC-5S0MIMED55BOQ72MFYKG0JG6R.pcm

SwiftExplicitDependencyGeneratePcm arm64 /tmp/p2b-macos/ModuleCache.noindex/Spatial-4T5NCQYG0Q0JBWM69YZVDL6FO.pcm

SwiftExplicitDependencyGeneratePcm arm64 /tmp/p2b-macos/ModuleCache.noindex/os_object-6FRBUANGTQTK8P336YJBXQBO2.pcm

SwiftExplicitDependencyGeneratePcm arm64 /tmp/p2b-macos/ModuleCache.noindex/os_workgroup-4NXWJBGFYKXSR2LKGVNFBKH62.pcm

SwiftExplicitDependencyGeneratePcm arm64 /tmp/p2b-macos/ModuleCache.noindex/Dispatch-C2D2B85PDHA92JGEYK1U4UP36.pcm

SwiftExplicitDependencyGeneratePcm arm64 /tmp/p2b-macos/ModuleCache.noindex/XPC-DBC6UAPSKPAOPHX78WEDV7LX9.pcm

SwiftExplicitDependencyGeneratePcm arm64 /tmp/p2b-macos/ModuleCache.noindex/CoreFoundation-5QLH6NGILABCWI9AQVCAHP3TX.pcm

SwiftExplicitDependencyGeneratePcm arm64 /tmp/p2b-macos/ModuleCache.noindex/dnssd-B1D8PZ4XEMNUQ9CJ7XO5XR4D.pcm

SwiftExplicitDependencyGeneratePcm arm64 /tmp/p2b-macos/ModuleCache.noindex/os-7PX36IL9PH7E6V3920UI173RC.pcm

SwiftExplicitDependencyGeneratePcm arm64 /tmp/p2b-macos/ModuleCache.noindex/CoreAudioTypes-723CGRPHYFUX8O6QBI3W01JMI.pcm

SwiftExplicitDependencyGeneratePcm arm64 /tmp/p2b-macos/ModuleCache.noindex/Security-8IMYFZ0OIEDRXJE89PY6FHQ8I.pcm

SwiftExplicitDependencyGeneratePcm arm64 /tmp/p2b-macos/ModuleCache.noindex/ColorSync-DU12GAG7R5EUXHIBAPXAN9YKN.pcm

SwiftExplicitDependencyGeneratePcm arm64 /tmp/p2b-macos/ModuleCache.noindex/IOKit-DVXSI710Z7G2Y6CDASO2ZT2GN.pcm

SwiftExplicitDependencyGeneratePcm arm64 /tmp/p2b-macos/ModuleCache.noindex/CFNetwork-4RQ308XBMNR67K5M6DJU80Z3C.pcm

SwiftExplicitDependencyGeneratePcm arm64 /tmp/p2b-macos/ModuleCache.noindex/DiskArbitration-BGF7GR85YWNCP9XNC60D5JRZL.pcm

SwiftExplicitDependencyGeneratePcm arm64 /tmp/p2b-macos/ModuleCache.noindex/CoreGraphics-7J0D5GXSFWOURQLXQBPQGZ58T.pcm

SwiftExplicitDependencyGeneratePcm arm64 /tmp/p2b-macos/ModuleCache.noindex/CoreServices-1OARASR0ZJ27W1AKJKAUP6JBA.pcm

SwiftExplicitDependencyGeneratePcm arm64 /tmp/p2b-macos/ModuleCache.noindex/CoreText-7MHMHBEVFW8NZAXQZ9CRQZJWD.pcm

SwiftExplicitDependencyGeneratePcm arm64 /tmp/p2b-macos/ModuleCache.noindex/ImageIO-C65XQOIY6OTUOP2UL83OU4PNV.pcm

SwiftExplicitDependencyGeneratePcm arm64 /tmp/p2b-macos/ModuleCache.noindex/Foundation-2VFZ383VZYJKX1XIK8KEMNBI1.pcm

SwiftExplicitDependencyGeneratePcm arm64 /tmp/p2b-macos/ModuleCache.noindex/CoreAudio-2457N10RQQI152H7K8T3QYXDZ.pcm

SwiftExplicitDependencyGeneratePcm arm64 /tmp/p2b-macos/ModuleCache.noindex/UniformTypeIdentifiers-51KHMT15Y93N6A84XRAHNNLP.pcm

SwiftExplicitDependencyGeneratePcm arm64 /tmp/p2b-macos/ModuleCache.noindex/OSLog-B9FTPYK1H1JRUD4NWKLM5L98W.pcm

SwiftExplicitDependencyGeneratePcm arm64 /tmp/p2b-macos/ModuleCache.noindex/ApplicationServices-BX9FCDBV1M7M5OIL5MGNPWF9U.pcm

SwiftExplicitDependencyGeneratePcm arm64 /tmp/p2b-macos/ModuleCache.noindex/CoreTransferable-7KGTLW9PEO05675EA8329E0V6.pcm

SwiftExplicitDependencyGeneratePcm arm64 /tmp/p2b-macos/ModuleCache.noindex/_LocationEssentials-ELOH32OBEMU2KXRC0BUL6X0X0.pcm

SwiftExplicitDependencyGeneratePcm arm64 /tmp/p2b-macos/ModuleCache.noindex/DataDetection-93GOAPKUZAYCMXTEZQ8PMYG0U.pcm

SwiftExplicitDependencyGeneratePcm arm64 /tmp/p2b-macos/ModuleCache.noindex/Symbols-1QS2EYEGDO373TYAVHDBDIZU1.pcm

SwiftExplicitDependencyGeneratePcm arm64 /tmp/p2b-macos/ModuleCache.noindex/CoreMIDI-9IH19I3P4OG2HVCC2WW85R3Y5.pcm

SwiftExplicitDependencyGeneratePcm arm64 /tmp/p2b-macos/ModuleCache.noindex/Accessibility-206OI9CL2CG73WIFXW0FWYEWW.pcm

SwiftExplicitDependencyGeneratePcm arm64 /tmp/p2b-macos/ModuleCache.noindex/ServiceManagement-PA72C4USC4RKRPXUSO7DWBC1.pcm

SwiftExplicitDependencyGeneratePcm arm64 /tmp/p2b-macos/ModuleCache.noindex/CoreLocation-R660QUY3ROGH8A33I9NH19J4.pcm

SwiftExplicitDependencyGeneratePcm arm64 /tmp/p2b-macos/ModuleCache.noindex/JavaScriptCore-VV159PJBNT2O18DXDPCUBOGM.pcm

SwiftExplicitDependencyGeneratePcm arm64 /tmp/p2b-macos/ModuleCache.noindex/CoreData-CE1HKGZJR9UHVIC4RP3SKMYFZ.pcm

SwiftExplicitDependencyGeneratePcm arm64 /tmp/p2b-macos/ModuleCache.noindex/IOSurface-82RQMSI1MYEWOM2IDRZZWK5F9.pcm

SwiftExplicitDependencyGeneratePcm arm64 /tmp/p2b-macos/ModuleCache.noindex/Network-5894A9KXJAEEVQZ1KSMU4R1XU.pcm

SwiftExplicitDependencyGeneratePcm arm64 /tmp/p2b-macos/ModuleCache.noindex/LocalAuthentication-92IH4837FOI4Y7HO01SKG64DH.pcm

SwiftExplicitDependencyGeneratePcm arm64 /tmp/p2b-macos/ModuleCache.noindex/Carbon-C33AQT69FOOSAKWVSEFK0N5AT.pcm

SwiftExplicitDependencyGeneratePcm arm64 /tmp/p2b-macos/ModuleCache.noindex/Metal-CITPCHDQPSWUCSI6573VHXNLC.pcm

SwiftExplicitDependencyGeneratePcm arm64 /tmp/p2b-macos/ModuleCache.noindex/EventKit-1J6V4BV3O3NAMIE2O08V7G4N0.pcm

SwiftExplicitDependencyGeneratePcm arm64 /tmp/p2b-macos/ModuleCache.noindex/AudioToolbox-1G5VRH8ESCYABHDCOMFDJNIPO.pcm

SwiftExplicitDependencyGeneratePcm arm64 /tmp/p2b-macos/ModuleCache.noindex/CoreVideo-3B5CMNWA6NY1S8ELE6AQNRKE4.pcm

SwiftExplicitDependencyGeneratePcm arm64 /tmp/p2b-macos/ModuleCache.noindex/CoreMedia-16RJDOVJ1JPGD8US5BBHREN6D.pcm

SwiftExplicitDependencyGeneratePcm arm64 /tmp/p2b-macos/ModuleCache.noindex/CoreImage-2ODWZ2KX24Y8W2ENUK3Q93HFJ.pcm

SwiftExplicitDependencyGeneratePcm arm64 /tmp/p2b-macos/ModuleCache.noindex/QuartzCore-3BTQ1XIUJVH31YVVZGTZV94O9.pcm

SwiftExplicitDependencyGeneratePcm arm64 /tmp/p2b-macos/ModuleCache.noindex/SwiftUICore-543V5OOPZ38092G47218EI9EH.pcm

SwiftExplicitDependencyGeneratePcm arm64 /tmp/p2b-macos/ModuleCache.noindex/AVFAudio-4MDB9K8X9ZI89CBPBLJXKFNWE.pcm

SwiftExplicitDependencyGeneratePcm arm64 /tmp/p2b-macos/ModuleCache.noindex/MediaToolbox-BBK8M3H3F2B1FJ4JKH8CGHDZV.pcm

SwiftExplicitDependencyGeneratePcm arm64 /tmp/p2b-macos/ModuleCache.noindex/AppKit-EAQU9YFRYZO1UL4F64ALXMN4B.pcm

SwiftExplicitDependencyGeneratePcm arm64 /tmp/p2b-macos/ModuleCache.noindex/AVFoundation-E07QQXF45O9I12LDPFU8NH3R2.pcm

SwiftExplicitDependencyGeneratePcm arm64 /tmp/p2b-macos/ModuleCache.noindex/WebKit-BS5X2T13UOSZSJW4JF0M1PQ15.pcm

SwiftExplicitDependencyGeneratePcm arm64 /tmp/p2b-macos/ModuleCache.noindex/SwiftUI-2D27FUT8B6MW9EJ13911CQRLG.pcm

SwiftExplicitDependencyGeneratePcm arm64 /tmp/p2b-macos/ModuleCache.noindex/ScreenCaptureKit-6C7Y6HJUDF8OZHGHDW80101P3.pcm

SwiftEmitModule normal arm64 Emitting\ module\ for\ GoalflowMac (in target 'GoalflowMac' from project 'GoalflowMac')

EmitSwiftModule normal arm64 (in target 'GoalflowMac' from project 'GoalflowMac')
    cd /Users/schober/Projects/TSurfing/macos-native
    
/Users/schober/Projects/TSurfing/macos-native/GoalflowMac/Sync/SyncMeta.swift:68:9: warning: stored property 'value' of 'Sendable'-conforming struct 'AnyCodable' contains non-Sendable type 'Any'; this is an error in the Swift 6 language mode
    var value: Any?
        ^
/Users/schober/Projects/TSurfing/macos-native/GoalflowMac/Sync/SyncMeta.swift:177:9: warning: stored property 'payload' of 'Sendable'-conforming struct 'StagedEntityChange' contains non-Sendable type 'Any'; this is an error in the Swift 6 language mode
    var payload: Any? // Any JSON value
        ^
/Users/schober/Projects/TSurfing/macos-native/GoalflowMac/Sync/SyncMeta.swift:187:9: warning: stored property 'previousValue' of 'Sendable'-conforming struct 'StagedLocalTransaction' contains non-Sendable type 'Any'; this is an error in the Swift 6 language mode
    var previousValue: Any?
        ^
/Users/schober/Projects/TSurfing/macos-native/GoalflowMac/Sync/SyncMeta.swift:189:9: warning: stored property 'value' of 'Sendable'-conforming struct 'StagedLocalTransaction' contains non-Sendable type 'Any'; this is an error in the Swift 6 language mode
    var value: Any?
        ^

SwiftCompile normal arm64 Compiling\ ExecutionPanelView.swift,\ ExecutionState.swift,\ CounterLedger.swift,\ CausalFocus.swift,\ ExecutionTimer.swift,\ FocusSessionStore.swift /Users/schober/Projects/TSurfing/macos-native/GoalflowMac/UI/ExecutionPanelView.swift /Users/schober/Projects/TSurfing/macos-native/GoalflowMac/Domain/ExecutionState.swift /Users/schober/Projects/TSurfing/macos-native/GoalflowMac/Domain/CounterLedger.swift /Users/schober/Projects/TSurfing/macos-native/GoalflowMac/Domain/CausalFocus.swift /Users/schober/Projects/TSurfing/macos-native/GoalflowMac/Services/ExecutionTimer.swift /Users/schober/Projects/TSurfing/macos-native/GoalflowMac/Services/FocusSessionStore.swift (in target 'GoalflowMac' from project 'GoalflowMac')
SwiftCompile normal arm64 /Users/schober/Projects/TSurfing/macos-native/GoalflowMac/UI/ExecutionPanelView.swift (in target 'GoalflowMac' from project 'GoalflowMac')
    cd /Users/schober/Projects/TSurfing/macos-native
    
/Users/schober/Projects/TSurfing/macos-native/GoalflowMac/UI/ExecutionPanelView.swift:791:10: warning: 'onChange(of:perform:)' was deprecated in macOS 14.0: Use `onChange` with a two or zero parameter action closure instead.
        .onChange(of: vm.task?.id) { _ in completionInstructionVisible = false }
         ^

SwiftCompile normal arm64 /Users/schober/Projects/TSurfing/macos-native/GoalflowMac/Domain/ExecutionState.swift (in target 'GoalflowMac' from project 'GoalflowMac')
    cd /Users/schober/Projects/TSurfing/macos-native
    

SwiftCompile normal arm64 /Users/schober/Projects/TSurfing/macos-native/GoalflowMac/Domain/CounterLedger.swift (in target 'GoalflowMac' from project 'GoalflowMac')
    cd /Users/schober/Projects/TSurfing/macos-native
    

SwiftCompile normal arm64 /Users/schober/Projects/TSurfing/macos-native/GoalflowMac/Domain/CausalFocus.swift (in target 'GoalflowMac' from project 'GoalflowMac')
    cd /Users/schober/Projects/TSurfing/macos-native
    

SwiftCompile normal arm64 /Users/schober/Projects/TSurfing/macos-native/GoalflowMac/Services/ExecutionTimer.swift (in target 'GoalflowMac' from project 'GoalflowMac')
    cd /Users/schober/Projects/TSurfing/macos-native
    

SwiftCompile normal arm64 /Users/schober/Projects/TSurfing/macos-native/GoalflowMac/Services/FocusSessionStore.swift (in target 'GoalflowMac' from project 'GoalflowMac')
    cd /Users/schober/Projects/TSurfing/macos-native
    

SwiftCompile normal arm64 Compiling\ FrogBadge.swift,\ GoalModels.swift,\ GoalStore.swift,\ GoalflowMacApp.swift,\ GoalflowTask.swift,\ HotkeyGateway.swift /Users/schober/Projects/TSurfing/macos-native/GoalflowMac/UI/Components/FrogBadge.swift /Users/schober/Projects/TSurfing/macos-native/GoalflowMac/Domain/GoalModels.swift /Users/schober/Projects/TSurfing/macos-native/GoalflowMac/Services/GoalStore.swift /Users/schober/Projects/TSurfing/macos-native/GoalflowMac/App/GoalflowMacApp.swift /Users/schober/Projects/TSurfing/macos-native/GoalflowMac/Domain/GoalflowTask.swift /Users/schober/Projects/TSurfing/macos-native/GoalflowMac/Services/HotkeyGateway.swift (in target 'GoalflowMac' from project 'GoalflowMac')

SwiftCompile normal arm64 /Users/schober/Projects/TSurfing/macos-native/GoalflowMac/UI/Components/FrogBadge.swift (in target 'GoalflowMac' from project 'GoalflowMac')
    cd /Users/schober/Projects/TSurfing/macos-native
    

SwiftCompile normal arm64 /Users/schober/Projects/TSurfing/macos-native/GoalflowMac/Domain/GoalModels.swift (in target 'GoalflowMac' from project 'GoalflowMac')
    cd /Users/schober/Projects/TSurfing/macos-native
    

SwiftCompile normal arm64 /Users/schober/Projects/TSurfing/macos-native/GoalflowMac/Services/GoalStore.swift (in target 'GoalflowMac' from project 'GoalflowMac')
    cd /Users/schober/Projects/TSurfing/macos-native
    

SwiftCompile normal arm64 /Users/schober/Projects/TSurfing/macos-native/GoalflowMac/App/GoalflowMacApp.swift (in target 'GoalflowMac' from project 'GoalflowMac')
    cd /Users/schober/Projects/TSurfing/macos-native
    

SwiftCompile normal arm64 /Users/schober/Projects/TSurfing/macos-native/GoalflowMac/Domain/GoalflowTask.swift (in target 'GoalflowMac' from project 'GoalflowMac')
    cd /Users/schober/Projects/TSurfing/macos-native
    

SwiftCompile normal arm64 /Users/schober/Projects/TSurfing/macos-native/GoalflowMac/Services/HotkeyGateway.swift (in target 'GoalflowMac' from project 'GoalflowMac')
    cd /Users/schober/Projects/TSurfing/macos-native
    

SwiftCompile normal arm64 Compiling\ RealtimeWakeup.swift,\ SchedulingBridge.swift,\ ServerConflicts.swift,\ SignInView.swift,\ SoundGateway.swift /Users/schober/Projects/TSurfing/macos-native/GoalflowMac/Sync/RealtimeWakeup.swift /Users/schober/Projects/TSurfing/macos-native/GoalflowMac/Domain/SchedulingBridge.swift /Users/schober/Projects/TSurfing/macos-native/GoalflowMac/Sync/ServerConflicts.swift /Users/schober/Projects/TSurfing/macos-native/GoalflowMac/UI/SignInView.swift /Users/schober/Projects/TSurfing/macos-native/GoalflowMac/Services/SoundGateway.swift (in target 'GoalflowMac' from project 'GoalflowMac')

SwiftCompile normal arm64 /Users/schober/Projects/TSurfing/macos-native/GoalflowMac/Sync/RealtimeWakeup.swift (in target 'GoalflowMac' from project 'GoalflowMac')
    cd /Users/schober/Projects/TSurfing/macos-native
    

SwiftCompile normal arm64 /Users/schober/Projects/TSurfing/macos-native/GoalflowMac/Domain/SchedulingBridge.swift (in target 'GoalflowMac' from project 'GoalflowMac')
    cd /Users/schober/Projects/TSurfing/macos-native
    

SwiftCompile normal arm64 /Users/schober/Projects/TSurfing/macos-native/GoalflowMac/Sync/ServerConflicts.swift (in target 'GoalflowMac' from project 'GoalflowMac')
    cd /Users/schober/Projects/TSurfing/macos-native
    

SwiftCompile normal arm64 /Users/schober/Projects/TSurfing/macos-native/GoalflowMac/UI/SignInView.swift (in target 'GoalflowMac' from project 'GoalflowMac')
    cd /Users/schober/Projects/TSurfing/macos-native
    

SwiftCompile normal arm64 /Users/schober/Projects/TSurfing/macos-native/GoalflowMac/Services/SoundGateway.swift (in target 'GoalflowMac' from project 'GoalflowMac')
    cd /Users/schober/Projects/TSurfing/macos-native
    

SwiftCompile normal arm64 Compiling\ Clock.swift,\ CompletionHoldController.swift,\ ConflictsSheet.swift,\ CurrentTaskProvider.swift,\ DailyPlanStore.swift,\ DeviceIdStore.swift /Users/schober/Projects/TSurfing/macos-native/GoalflowMac/Services/Clock.swift /Users/schober/Projects/TSurfing/macos-native/GoalflowMac/Services/CompletionHoldController.swift /Users/schober/Projects/TSurfing/macos-native/GoalflowMac/UI/ConflictsSheet.swift /Users/schober/Projects/TSurfing/macos-native/GoalflowMac/Providers/CurrentTaskProvider.swift /Users/schober/Projects/TSurfing/macos-native/GoalflowMac/Services/DailyPlanStore.swift /Users/schober/Projects/TSurfing/macos-native/GoalflowMac/Sync/DeviceIdStore.swift (in target 'GoalflowMac' from project 'GoalflowMac')

SwiftCompile normal arm64 /Users/schober/Projects/TSurfing/macos-native/GoalflowMac/Services/Clock.swift (in target 'GoalflowMac' from project 'GoalflowMac')
    cd /Users/schober/Projects/TSurfing/macos-native
    

SwiftCompile normal arm64 /Users/schober/Projects/TSurfing/macos-native/GoalflowMac/Services/CompletionHoldController.swift (in target 'GoalflowMac' from project 'GoalflowMac')
    cd /Users/schober/Projects/TSurfing/macos-native
    

SwiftCompile normal arm64 /Users/schober/Projects/TSurfing/macos-native/GoalflowMac/UI/ConflictsSheet.swift (in target 'GoalflowMac' from project 'GoalflowMac')
    cd /Users/schober/Projects/TSurfing/macos-native
    

SwiftCompile normal arm64 /Users/schober/Projects/TSurfing/macos-native/GoalflowMac/Providers/CurrentTaskProvider.swift (in target 'GoalflowMac' from project 'GoalflowMac')
    cd /Users/schober/Projects/TSurfing/macos-native
    

SwiftCompile normal arm64 /Users/schober/Projects/TSurfing/macos-native/GoalflowMac/Services/DailyPlanStore.swift (in target 'GoalflowMac' from project 'GoalflowMac')
    cd /Users/schober/Projects/TSurfing/macos-native
    

SwiftCompile normal arm64 /Users/schober/Projects/TSurfing/macos-native/GoalflowMac/Sync/DeviceIdStore.swift (in target 'GoalflowMac' from project 'GoalflowMac')
    cd /Users/schober/Projects/TSurfing/macos-native
    

SwiftCompile normal arm64 Compiling\ BreakState.swift,\ BreakTimer.swift,\ BreakdownService.swift,\ BreakdownSheet.swift,\ BuildStaging.swift,\ CalendarCollisionService.swift /Users/schober/Projects/TSurfing/macos-native/GoalflowMac/Domain/BreakState.swift /Users/schober/Projects/TSurfing/macos-native/GoalflowMac/Services/BreakTimer.swift /Users/schober/Projects/TSurfing/macos-native/GoalflowMac/Services/BreakdownService.swift /Users/schober/Projects/TSurfing/macos-native/GoalflowMac/UI/BreakdownSheet.swift /Users/schober/Projects/TSurfing/macos-native/GoalflowMac/Sync/BuildStaging.swift /Users/schober/Projects/TSurfing/macos-native/GoalflowMac/Services/CalendarCollisionService.swift (in target 'GoalflowMac' from project 'GoalflowMac')

SwiftCompile normal arm64 /Users/schober/Projects/TSurfing/macos-native/GoalflowMac/Domain/BreakState.swift (in target 'GoalflowMac' from project 'GoalflowMac')
    cd /Users/schober/Projects/TSurfing/macos-native
    

SwiftCompile normal arm64 /Users/schober/Projects/TSurfing/macos-native/GoalflowMac/Services/BreakTimer.swift (in target 'GoalflowMac' from project 'GoalflowMac')
    cd /Users/schober/Projects/TSurfing/macos-native
    

SwiftCompile normal arm64 /Users/schober/Projects/TSurfing/macos-native/GoalflowMac/Services/BreakdownService.swift (in target 'GoalflowMac' from project 'GoalflowMac')
    cd /Users/schober/Projects/TSurfing/macos-native
    

SwiftCompile normal arm64 /Users/schober/Projects/TSurfing/macos-native/GoalflowMac/UI/BreakdownSheet.swift (in target 'GoalflowMac' from project 'GoalflowMac')
    cd /Users/schober/Projects/TSurfing/macos-native
    

SwiftCompile normal arm64 /Users/schober/Projects/TSurfing/macos-native/GoalflowMac/Sync/BuildStaging.swift (in target 'GoalflowMac' from project 'GoalflowMac')
    cd /Users/schober/Projects/TSurfing/macos-native
    

SwiftCompile normal arm64 /Users/schober/Projects/TSurfing/macos-native/GoalflowMac/Services/CalendarCollisionService.swift (in target 'GoalflowMac' from project 'GoalflowMac')
    cd /Users/schober/Projects/TSurfing/macos-native
    
/Users/schober/Projects/TSurfing/macos-native/GoalflowMac/Services/CalendarCollisionService.swift:48:26: warning: 'authorized' was deprecated in macOS 14.0: Check for full access or write only access
        guard status == .authorized || status == .fullAccess else { return nil }
                         ^

SwiftCompile normal arm64 Compiling\ KeychainSessionStore.swift,\ LoginItemService.swift,\ MenuBarController.swift,\ MetaStore.swift,\ NativeCaptchaView.swift,\ PlanningGate.swift /Users/schober/Projects/TSurfing/macos-native/GoalflowMac/Services/KeychainSessionStore.swift /Users/schober/Projects/TSurfing/macos-native/GoalflowMac/Services/LoginItemService.swift /Users/schober/Projects/TSurfing/macos-native/GoalflowMac/UI/MenuBarController.swift /Users/schober/Projects/TSurfing/macos-native/GoalflowMac/Sync/MetaStore.swift /Users/schober/Projects/TSurfing/macos-native/GoalflowMac/UI/NativeCaptchaView.swift /Users/schober/Projects/TSurfing/macos-native/GoalflowMac/Domain/PlanningGate.swift (in target 'GoalflowMac' from project 'GoalflowMac')

SwiftCompile normal arm64 /Users/schober/Projects/TSurfing/macos-native/GoalflowMac/Services/KeychainSessionStore.swift (in target 'GoalflowMac' from project 'GoalflowMac')
    cd /Users/schober/Projects/TSurfing/macos-native
    

SwiftCompile normal arm64 /Users/schober/Projects/TSurfing/macos-native/GoalflowMac/Services/LoginItemService.swift (in target 'GoalflowMac' from project 'GoalflowMac')
    cd /Users/schober/Projects/TSurfing/macos-native
    

SwiftCompile normal arm64 /Users/schober/Projects/TSurfing/macos-native/GoalflowMac/UI/MenuBarController.swift (in target 'GoalflowMac' from project 'GoalflowMac')
    cd /Users/schober/Projects/TSurfing/macos-native
    

SwiftCompile normal arm64 /Users/schober/Projects/TSurfing/macos-native/GoalflowMac/Sync/MetaStore.swift (in target 'GoalflowMac' from project 'GoalflowMac')
    cd /Users/schober/Projects/TSurfing/macos-native
    

SwiftCompile normal arm64 /Users/schober/Projects/TSurfing/macos-native/GoalflowMac/UI/NativeCaptchaView.swift (in target 'GoalflowMac' from project 'GoalflowMac')
    cd /Users/schober/Projects/TSurfing/macos-native
    

SwiftCompile normal arm64 /Users/schober/Projects/TSurfing/macos-native/GoalflowMac/Domain/PlanningGate.swift (in target 'GoalflowMac' from project 'GoalflowMac')
    cd /Users/schober/Projects/TSurfing/macos-native
    

SwiftCompile normal arm64 Compiling\ StableJson.swift,\ StoreBridge.swift,\ SupabaseAuthService.swift,\ SyncBackedCurrentTaskProvider.swift,\ SyncEngine.swift /Users/schober/Projects/TSurfing/macos-native/GoalflowMac/Sync/StableJson.swift /Users/schober/Projects/TSurfing/macos-native/GoalflowMac/Sync/StoreBridge.swift /Users/schober/Projects/TSurfing/macos-native/GoalflowMac/Services/SupabaseAuthService.swift /Users/schober/Projects/TSurfing/macos-native/GoalflowMac/Providers/SyncBackedCurrentTaskProvider.swift /Users/schober/Projects/TSurfing/macos-native/GoalflowMac/Sync/SyncEngine.swift (in target 'GoalflowMac' from project 'GoalflowMac')

SwiftCompile normal arm64 /Users/schober/Projects/TSurfing/macos-native/GoalflowMac/Sync/StableJson.swift (in target 'GoalflowMac' from project 'GoalflowMac')
    cd /Users/schober/Projects/TSurfing/macos-native
    

SwiftCompile normal arm64 /Users/schober/Projects/TSurfing/macos-native/GoalflowMac/Sync/StoreBridge.swift (in target 'GoalflowMac' from project 'GoalflowMac')
    cd /Users/schober/Projects/TSurfing/macos-native
    

SwiftCompile normal arm64 /Users/schober/Projects/TSurfing/macos-native/GoalflowMac/Services/SupabaseAuthService.swift (in target 'GoalflowMac' from project 'GoalflowMac')
    cd /Users/schober/Projects/TSurfing/macos-native
    

SwiftCompile normal arm64 /Users/schober/Projects/TSurfing/macos-native/GoalflowMac/Providers/SyncBackedCurrentTaskProvider.swift (in target 'GoalflowMac' from project 'GoalflowMac')
    cd /Users/schober/Projects/TSurfing/macos-native
    

SwiftCompile normal arm64 /Users/schober/Projects/TSurfing/macos-native/GoalflowMac/Sync/SyncEngine.swift (in target 'GoalflowMac' from project 'GoalflowMac')
    cd /Users/schober/Projects/TSurfing/macos-native
    

SwiftCompile normal arm64 Compiling\ CaptureOverlayView.swift,\ CaptureParser.swift,\ CaptureService.swift,\ CaptureViewModel.swift,\ CaptureWindowController.swift,\ CircularProgress.swift /Users/schober/Projects/TSurfing/macos-native/GoalflowMac/UI/CaptureOverlayView.swift /Users/schober/Projects/TSurfing/macos-native/GoalflowMac/Domain/CaptureParser.swift /Users/schober/Projects/TSurfing/macos-native/GoalflowMac/Domain/CaptureService.swift /Users/schober/Projects/TSurfing/macos-native/GoalflowMac/UI/CaptureViewModel.swift /Users/schober/Projects/TSurfing/macos-native/GoalflowMac/UI/CaptureWindowController.swift /Users/schober/Projects/TSurfing/macos-native/GoalflowMac/UI/Components/CircularProgress.swift (in target 'GoalflowMac' from project 'GoalflowMac')

SwiftCompile normal arm64 /Users/schober/Projects/TSurfing/macos-native/GoalflowMac/UI/CaptureOverlayView.swift (in target 'GoalflowMac' from project 'GoalflowMac')
    cd /Users/schober/Projects/TSurfing/macos-native
    

SwiftCompile normal arm64 /Users/schober/Projects/TSurfing/macos-native/GoalflowMac/Domain/CaptureParser.swift (in target 'GoalflowMac' from project 'GoalflowMac')
    cd /Users/schober/Projects/TSurfing/macos-native
    

SwiftCompile normal arm64 /Users/schober/Projects/TSurfing/macos-native/GoalflowMac/Domain/CaptureService.swift (in target 'GoalflowMac' from project 'GoalflowMac')
    cd /Users/schober/Projects/TSurfing/macos-native
    

SwiftCompile normal arm64 /Users/schober/Projects/TSurfing/macos-native/GoalflowMac/UI/CaptureViewModel.swift (in target 'GoalflowMac' from project 'GoalflowMac')
    cd /Users/schober/Projects/TSurfing/macos-native
    

SwiftCompile normal arm64 /Users/schober/Projects/TSurfing/macos-native/GoalflowMac/UI/CaptureWindowController.swift (in target 'GoalflowMac' from project 'GoalflowMac')
    cd /Users/schober/Projects/TSurfing/macos-native
    

SwiftCompile normal arm64 /Users/schober/Projects/TSurfing/macos-native/GoalflowMac/UI/Components/CircularProgress.swift (in target 'GoalflowMac' from project 'GoalflowMac')
    cd /Users/schober/Projects/TSurfing/macos-native
    

SwiftCompile normal arm64 Compiling\ AppDelegate.swift,\ ApplyPushResults.swift,\ ApplyRemotePage.swift,\ BreakCoverWindowController.swift,\ BreakOverlayView.swift,\ BreakSessionStore.swift /Users/schober/Projects/TSurfing/macos-native/GoalflowMac/App/AppDelegate.swift /Users/schober/Projects/TSurfing/macos-native/GoalflowMac/Sync/ApplyPushResults.swift /Users/schober/Projects/TSurfing/macos-native/GoalflowMac/Sync/ApplyRemotePage.swift /Users/schober/Projects/TSurfing/macos-native/GoalflowMac/UI/BreakCoverWindowController.swift /Users/schober/Projects/TSurfing/macos-native/GoalflowMac/UI/BreakOverlayView.swift /Users/schober/Projects/TSurfing/macos-native/GoalflowMac/Services/BreakSessionStore.swift (in target 'GoalflowMac' from project 'GoalflowMac')

SwiftCompile normal arm64 /Users/schober/Projects/TSurfing/macos-native/GoalflowMac/App/AppDelegate.swift (in target 'GoalflowMac' from project 'GoalflowMac')
    cd /Users/schober/Projects/TSurfing/macos-native
    

SwiftCompile normal arm64 /Users/schober/Projects/TSurfing/macos-native/GoalflowMac/Sync/ApplyPushResults.swift (in target 'GoalflowMac' from project 'GoalflowMac')
    cd /Users/schober/Projects/TSurfing/macos-native
    

SwiftCompile normal arm64 /Users/schober/Projects/TSurfing/macos-native/GoalflowMac/Sync/ApplyRemotePage.swift (in target 'GoalflowMac' from project 'GoalflowMac')
    cd /Users/schober/Projects/TSurfing/macos-native
    

SwiftCompile normal arm64 /Users/schober/Projects/TSurfing/macos-native/GoalflowMac/UI/BreakCoverWindowController.swift (in target 'GoalflowMac' from project 'GoalflowMac')
    cd /Users/schober/Projects/TSurfing/macos-native
    
/Users/schober/Projects/TSurfing/macos-native/GoalflowMac/UI/BreakCoverWindowController.swift:80:35: warning: call to main actor-isolated instance method 'orderOut' in a synchronous nonisolated context
    deinit { for w in windows { w.orderOut(nil) } }
                                  ^
AppKit.NSWindow.orderOut:2:22: note: calls to instance method 'orderOut' from outside of its actor context are implicitly asynchronous
@MainActor open func orderOut(_ sender: Any?)}
                     ^
AppKit.NSWindow.orderOut:2:22: note: main actor isolation inferred from inheritance from class 'NSResponder'
@MainActor open func orderOut(_ sender: Any?)}
                     ^

SwiftCompile normal arm64 /Users/schober/Projects/TSurfing/macos-native/GoalflowMac/UI/BreakOverlayView.swift (in target 'GoalflowMac' from project 'GoalflowMac')
    cd /Users/schober/Projects/TSurfing/macos-native
    

SwiftCompile normal arm64 /Users/schober/Projects/TSurfing/macos-native/GoalflowMac/Services/BreakSessionStore.swift (in target 'GoalflowMac' from project 'GoalflowMac')
    cd /Users/schober/Projects/TSurfing/macos-native
    

SwiftCompile normal arm64 Compiling\ SyncMeta.swift,\ SyncTransport.swift,\ TTSGateway.swift,\ UpdaterService.swift,\ GeneratedAssetSymbols.swift /Users/schober/Projects/TSurfing/macos-native/GoalflowMac/Sync/SyncMeta.swift /Users/schober/Projects/TSurfing/macos-native/GoalflowMac/Sync/SyncTransport.swift /Users/schober/Projects/TSurfing/macos-native/GoalflowMac/Services/TTSGateway.swift /Users/schober/Projects/TSurfing/macos-native/GoalflowMac/Services/UpdaterService.swift /tmp/p2b-macos/Build/Intermediates.noindex/GoalflowMac.build/Debug/GoalflowMac.build/DerivedSources/GeneratedAssetSymbols.swift (in target 'GoalflowMac' from project 'GoalflowMac')

SwiftCompile normal arm64 /Users/schober/Projects/TSurfing/macos-native/GoalflowMac/Sync/SyncMeta.swift (in target 'GoalflowMac' from project 'GoalflowMac')
    cd /Users/schober/Projects/TSurfing/macos-native
    
/Users/schober/Projects/TSurfing/macos-native/GoalflowMac/Sync/SyncMeta.swift:68:9: warning: stored property 'value' of 'Sendable'-conforming struct 'AnyCodable' contains non-Sendable type 'Any'; this is an error in the Swift 6 language mode
    var value: Any?
        ^
/Users/schober/Projects/TSurfing/macos-native/GoalflowMac/Sync/SyncMeta.swift:177:9: warning: stored property 'payload' of 'Sendable'-conforming struct 'StagedEntityChange' contains non-Sendable type 'Any'; this is an error in the Swift 6 language mode
    var payload: Any? // Any JSON value
        ^
/Users/schober/Projects/TSurfing/macos-native/GoalflowMac/Sync/SyncMeta.swift:187:9: warning: stored property 'previousValue' of 'Sendable'-conforming struct 'StagedLocalTransaction' contains non-Sendable type 'Any'; this is an error in the Swift 6 language mode
    var previousValue: Any?
        ^
/Users/schober/Projects/TSurfing/macos-native/GoalflowMac/Sync/SyncMeta.swift:189:9: warning: stored property 'value' of 'Sendable'-conforming struct 'StagedLocalTransaction' contains non-Sendable type 'Any'; this is an error in the Swift 6 language mode
    var value: Any?
        ^

SwiftCompile normal arm64 /Users/schober/Projects/TSurfing/macos-native/GoalflowMac/Sync/SyncTransport.swift (in target 'GoalflowMac' from project 'GoalflowMac')
    cd /Users/schober/Projects/TSurfing/macos-native
    

SwiftCompile normal arm64 /Users/schober/Projects/TSurfing/macos-native/GoalflowMac/Services/TTSGateway.swift (in target 'GoalflowMac' from project 'GoalflowMac')
    cd /Users/schober/Projects/TSurfing/macos-native
    
/Users/schober/Projects/TSurfing/macos-native/GoalflowMac/Services/TTSGateway.swift:9:14: warning: instance method 'lock' is unavailable from asynchronous contexts; Use async-safe scoped locking instead; this is an error in the Swift 6 language mode
        lock.lock(); let enabled = isEnabled; lock.unlock(); guard enabled else { return }
             ^
Foundation.NSLock.lock:2:11: note: 'lock()' declared here
open func lock()}
          ^
/Users/schober/Projects/TSurfing/macos-native/GoalflowMac/Services/TTSGateway.swift:9:52: warning: instance method 'unlock' is unavailable from asynchronous contexts; Use async-safe scoped locking instead; this is an error in the Swift 6 language mode
        lock.lock(); let enabled = isEnabled; lock.unlock(); guard enabled else { return }
                                                   ^
Foundation.NSLock.unlock:2:11: note: 'unlock()' declared here
open func unlock()}
          ^

SwiftCompile normal arm64 /Users/schober/Projects/TSurfing/macos-native/GoalflowMac/Services/UpdaterService.swift (in target 'GoalflowMac' from project 'GoalflowMac')
    cd /Users/schober/Projects/TSurfing/macos-native
    

SwiftCompile normal arm64 /tmp/p2b-macos/Build/Intermediates.noindex/GoalflowMac.build/Debug/GoalflowMac.build/DerivedSources/GeneratedAssetSymbols.swift (in target 'GoalflowMac' from project 'GoalflowMac')
    cd /Users/schober/Projects/TSurfing/macos-native
    

SwiftDriverJobDiscovery normal arm64 Emitting module for GoalflowMac (in target 'GoalflowMac' from project 'GoalflowMac')

SwiftDriverJobDiscovery normal arm64 Compiling StableJson.swift, StoreBridge.swift, SupabaseAuthService.swift, SyncBackedCurrentTaskProvider.swift, SyncEngine.swift (in target 'GoalflowMac' from project 'GoalflowMac')

SwiftDriver\ Compilation\ Requirements GoalflowMac normal arm64 com.apple.xcode.tools.swift.compiler (in target 'GoalflowMac' from project 'GoalflowMac')
    cd /Users/schober/Projects/TSurfing/macos-native
    builtin-Swift-Compilation-Requirements -- /Applications/Xcode.app/Contents/Developer/Toolchains/XcodeDefault.xctoolchain/usr/bin/swiftc -module-name GoalflowMac -Onone @/tmp/p2b-macos/Build/Intermediates.noindex/GoalflowMac.build/Debug/GoalflowMac.build/Objects-normal/arm64/Tsurfing.SwiftFileList -DDEBUG -enable-bare-slash-regex -enable-experimental-feature DebugDescriptionMacro -sdk /Applications/Xcode.app/Contents/Developer/Platforms/MacOSX.platform/Developer/SDKs/MacOSX26.5.sdk -target arm64-apple-macos15.0 -g -module-cache-path /tmp/p2b-macos/ModuleCache.noindex -Xfrontend -serialize-debugging-options -enable-testing -index-store-path /tmp/p2b-macos/Index.noindex/DataStore -Xcc -D_LIBCPP_HARDENING_MODE\=_LIBCPP_HARDENING_MODE_DEBUG -swift-version 5 -I /tmp/p2b-macos/Build/Products/Debug -F /tmp/p2b-macos/Build/Products/Debug -c -j10 -enable-batch-mode -incremental -Xcc -ivfsstatcache -Xcc /tmp/p2b-macos/SDKStatCaches.noindex/macosx26.5-25F70-e082c4a02f00227109f4ed75e425c832.sdkstatcache -output-file-map /tmp/p2b-macos/Build/Intermediates.noindex/GoalflowMac.build/Debug/GoalflowMac.build/Objects-normal/arm64/GoalflowMac-OutputFileMap.json -use-frontend-parseable-output -save-temps -no-color-diagnostics -explicit-module-build -module-cache-path /tmp/p2b-macos/Build/Intermediates.noindex/SwiftExplicitPrecompiledModules -clang-scanner-module-cache-path /tmp/p2b-macos/ModuleCache.noindex -sdk-module-cache-path /tmp/p2b-macos/ModuleCache.noindex -serialize-diagnostics -emit-dependencies -emit-module -emit-module-path /tmp/p2b-macos/Build/Intermediates.noindex/GoalflowMac.build/Debug/GoalflowMac.build/Objects-normal/arm64/GoalflowMac.swiftmodule -validate-clang-modules-once -clang-build-session-file /tmp/p2b-macos/ModuleCache.noindex/Session.modulevalidation -Xcc -I/tmp/p2b-macos/Build/Intermediates.noindex/GoalflowMac.build/Debug/GoalflowMac.build/swift-overrides.hmap -emit-const-values -Xfrontend -const-gather-protocols-file -Xfrontend /tmp/p2b-macos/Build/Intermediates.noindex/GoalflowMac.build/Debug/GoalflowMac.build/Objects-normal/arm64/GoalflowMac_const_extract_protocols.json -Xcc -iquote -Xcc /tmp/p2b-macos/Build/Intermediates.noindex/GoalflowMac.build/Debug/GoalflowMac.build/Tsurfing-generated-files.hmap -Xcc -I/tmp/p2b-macos/Build/Intermediates.noindex/GoalflowMac.build/Debug/GoalflowMac.build/Tsurfing-own-target-headers.hmap -Xcc -I/tmp/p2b-macos/Build/Intermediates.noindex/GoalflowMac.build/Debug/GoalflowMac.build/Tsurfing-all-target-headers.hmap -Xcc -iquote -Xcc /tmp/p2b-macos/Build/Intermediates.noindex/GoalflowMac.build/Debug/GoalflowMac.build/Tsurfing-project-headers.hmap -Xcc -I/tmp/p2b-macos/Build/Products/Debug/include -Xcc -I/tmp/p2b-macos/Build/Intermediates.noindex/GoalflowMac.build/Debug/GoalflowMac.build/DerivedSources-normal/arm64 -Xcc -I/tmp/p2b-macos/Build/Intermediates.noindex/GoalflowMac.build/Debug/GoalflowMac.build/DerivedSources/arm64 -Xcc -I/tmp/p2b-macos/Build/Intermediates.noindex/GoalflowMac.build/Debug/GoalflowMac.build/DerivedSources -Xcc -DDEBUG\=1 -emit-objc-header -emit-objc-header-path /tmp/p2b-macos/Build/Intermediates.noindex/GoalflowMac.build/Debug/GoalflowMac.build/Objects-normal/arm64/GoalflowMac-Swift.h -working-directory /Users/schober/Projects/TSurfing/macos-native -experimental-emit-module-separately -disable-cmo

SwiftMergeGeneratedHeaders /tmp/p2b-macos/Build/Intermediates.noindex/GoalflowMac.build/Debug/GoalflowMac.build/DerivedSources/GoalflowMac-Swift.h /tmp/p2b-macos/Build/Intermediates.noindex/GoalflowMac.build/Debug/GoalflowMac.build/Objects-normal/arm64/GoalflowMac-Swift.h (in target 'GoalflowMac' from project 'GoalflowMac')
    cd /Users/schober/Projects/TSurfing/macos-native
    builtin-swiftHeaderTool -arch arm64 /tmp/p2b-macos/Build/Intermediates.noindex/GoalflowMac.build/Debug/GoalflowMac.build/Objects-normal/arm64/GoalflowMac-Swift.h -o /tmp/p2b-macos/Build/Intermediates.noindex/GoalflowMac.build/Debug/GoalflowMac.build/DerivedSources/GoalflowMac-Swift.h

Copy /tmp/p2b-macos/Build/Products/Debug/GoalflowMac.swiftmodule/arm64-apple-macos.swiftmodule /tmp/p2b-macos/Build/Intermediates.noindex/GoalflowMac.build/Debug/GoalflowMac.build/Objects-normal/arm64/GoalflowMac.swiftmodule (in target 'GoalflowMac' from project 'GoalflowMac')
    cd /Users/schober/Projects/TSurfing/macos-native
    builtin-copy -exclude .DS_Store -exclude CVS -exclude .svn -exclude .git -exclude .hg -resolve-src-symlinks -rename /tmp/p2b-macos/Build/Intermediates.noindex/GoalflowMac.build/Debug/GoalflowMac.build/Objects-normal/arm64/GoalflowMac.swiftmodule /tmp/p2b-macos/Build/Products/Debug/GoalflowMac.swiftmodule/arm64-apple-macos.swiftmodule

Copy /tmp/p2b-macos/Build/Products/Debug/GoalflowMac.swiftmodule/arm64-apple-macos.swiftdoc /tmp/p2b-macos/Build/Intermediates.noindex/GoalflowMac.build/Debug/GoalflowMac.build/Objects-normal/arm64/GoalflowMac.swiftdoc (in target 'GoalflowMac' from project 'GoalflowMac')
    cd /Users/schober/Projects/TSurfing/macos-native
    builtin-copy -exclude .DS_Store -exclude CVS -exclude .svn -exclude .git -exclude .hg -resolve-src-symlinks -rename /tmp/p2b-macos/Build/Intermediates.noindex/GoalflowMac.build/Debug/GoalflowMac.build/Objects-normal/arm64/GoalflowMac.swiftdoc /tmp/p2b-macos/Build/Products/Debug/GoalflowMac.swiftmodule/arm64-apple-macos.swiftdoc

Copy /tmp/p2b-macos/Build/Products/Debug/GoalflowMac.swiftmodule/arm64-apple-macos.abi.json /tmp/p2b-macos/Build/Intermediates.noindex/GoalflowMac.build/Debug/GoalflowMac.build/Objects-normal/arm64/GoalflowMac.abi.json (in target 'GoalflowMac' from project 'GoalflowMac')
    cd /Users/schober/Projects/TSurfing/macos-native
    builtin-copy -exclude .DS_Store -exclude CVS -exclude .svn -exclude .git -exclude .hg -resolve-src-symlinks -rename /tmp/p2b-macos/Build/Intermediates.noindex/GoalflowMac.build/Debug/GoalflowMac.build/Objects-normal/arm64/GoalflowMac.abi.json /tmp/p2b-macos/Build/Products/Debug/GoalflowMac.swiftmodule/arm64-apple-macos.abi.json

Copy /tmp/p2b-macos/Build/Products/Debug/GoalflowMac.swiftmodule/Project/arm64-apple-macos.swiftsourceinfo /tmp/p2b-macos/Build/Intermediates.noindex/GoalflowMac.build/Debug/GoalflowMac.build/Objects-normal/arm64/GoalflowMac.swiftsourceinfo (in target 'GoalflowMac' from project 'GoalflowMac')
    cd /Users/schober/Projects/TSurfing/macos-native
    builtin-copy -exclude .DS_Store -exclude CVS -exclude .svn -exclude .git -exclude .hg -resolve-src-symlinks -rename /tmp/p2b-macos/Build/Intermediates.noindex/GoalflowMac.build/Debug/GoalflowMac.build/Objects-normal/arm64/GoalflowMac.swiftsourceinfo /tmp/p2b-macos/Build/Products/Debug/GoalflowMac.swiftmodule/Project/arm64-apple-macos.swiftsourceinfo

SwiftDriver GoalflowMacTests normal arm64 com.apple.xcode.tools.swift.compiler (in target 'GoalflowMacTests' from project 'GoalflowMac')
    cd /Users/schober/Projects/TSurfing/macos-native
    builtin-SwiftDriver -- /Applications/Xcode.app/Contents/Developer/Toolchains/XcodeDefault.xctoolchain/usr/bin/swiftc -module-name GoalflowMacTests -Onone @/tmp/p2b-macos/Build/Intermediates.noindex/GoalflowMac.build/Debug/GoalflowMacTests.build/Objects-normal/arm64/GoalflowMacTests.SwiftFileList -DDEBUG -plugin-path /Applications/Xcode.app/Contents/Developer/Toolchains/XcodeDefault.xctoolchain/usr/lib/swift/host/plugins/testing -enable-bare-slash-regex -enable-experimental-feature DebugDescriptionMacro -sdk /Applications/Xcode.app/Contents/Developer/Platforms/MacOSX.platform/Developer/SDKs/MacOSX26.5.sdk -target arm64-apple-macos15.0 -g -module-cache-path /tmp/p2b-macos/ModuleCache.noindex -Xfrontend -serialize-debugging-options -enable-testing -index-store-path /tmp/p2b-macos/Index.noindex/DataStore -Xcc -D_LIBCPP_HARDENING_MODE\=_LIBCPP_HARDENING_MODE_DEBUG -swift-version 5 -I /tmp/p2b-macos/Build/Products/Debug -Isystem /Applications/Xcode.app/Contents/Developer/Platforms/MacOSX.platform/Developer/usr/lib -F /tmp/p2b-macos/Build/Products/Debug -F /Applications/Xcode.app/Contents/Developer/Platforms/MacOSX.platform/Developer/Library/Frameworks -emit-localized-strings -emit-localized-strings-path /tmp/p2b-macos/Build/Intermediates.noindex/GoalflowMac.build/Debug/GoalflowMacTests.build/Objects-normal/arm64 -c -j10 -enable-batch-mode -incremental -Xcc -ivfsstatcache -Xcc /tmp/p2b-macos/SDKStatCaches.noindex/macosx26.5-25F70-e082c4a02f00227109f4ed75e425c832.sdkstatcache -output-file-map /tmp/p2b-macos/Build/Intermediates.noindex/GoalflowMac.build/Debug/GoalflowMacTests.build/Objects-normal/arm64/GoalflowMacTests-OutputFileMap.json -use-frontend-parseable-output -save-temps -no-color-diagnostics -explicit-module-build -module-cache-path /tmp/p2b-macos/Build/Intermediates.noindex/SwiftExplicitPrecompiledModules -clang-scanner-module-cache-path /tmp/p2b-macos/ModuleCache.noindex -sdk-module-cache-path /tmp/p2b-macos/ModuleCache.noindex -serialize-diagnostics -emit-dependencies -emit-module -emit-module-path /tmp/p2b-macos/Build/Intermediates.noindex/GoalflowMac.build/Debug/GoalflowMacTests.build/Objects-normal/arm64/GoalflowMacTests.swiftmodule -validate-clang-modules-once -clang-build-session-file /tmp/p2b-macos/ModuleCache.noindex/Session.modulevalidation -Xcc -I/tmp/p2b-macos/Build/Intermediates.noindex/GoalflowMac.build/Debug/GoalflowMacTests.build/swift-overrides.hmap -emit-const-values -Xfrontend -const-gather-protocols-file -Xfrontend /tmp/p2b-macos/Build/Intermediates.noindex/GoalflowMac.build/Debug/GoalflowMacTests.build/Objects-normal/arm64/GoalflowMacTests_const_extract_protocols.json -Xcc -iquote -Xcc /tmp/p2b-macos/Build/Intermediates.noindex/GoalflowMac.build/Debug/GoalflowMacTests.build/GoalflowMacTests-generated-files.hmap -Xcc -I/tmp/p2b-macos/Build/Intermediates.noindex/GoalflowMac.build/Debug/GoalflowMacTests.build/GoalflowMacTests-own-target-headers.hmap -Xcc -I/tmp/p2b-macos/Build/Intermediates.noindex/GoalflowMac.build/Debug/GoalflowMacTests.build/GoalflowMacTests-all-target-headers.hmap -Xcc -iquote -Xcc /tmp/p2b-macos/Build/Intermediates.noindex/GoalflowMac.build/Debug/GoalflowMacTests.build/GoalflowMacTests-project-headers.hmap -Xcc -I/tmp/p2b-macos/Build/Products/Debug/include -Xcc -I/tmp/p2b-macos/Build/Intermediates.noindex/GoalflowMac.build/Debug/GoalflowMacTests.build/DerivedSources-normal/arm64 -Xcc -I/tmp/p2b-macos/Build/Intermediates.noindex/GoalflowMac.build/Debug/GoalflowMacTests.build/DerivedSources/arm64 -Xcc -I/tmp/p2b-macos/Build/Intermediates.noindex/GoalflowMac.build/Debug/GoalflowMacTests.build/DerivedSources -Xcc -DDEBUG\=1 -emit-objc-header -emit-objc-header-path /tmp/p2b-macos/Build/Intermediates.noindex/GoalflowMac.build/Debug/GoalflowMacTests.build/Objects-normal/arm64/GoalflowMacTests-Swift.h -working-directory /Users/schober/Projects/TSurfing/macos-native -experimental-emit-module-separately -disable-cmo

SwiftDriverJobDiscovery normal arm64 Compiling SyncMeta.swift, SyncTransport.swift, TTSGateway.swift, UpdaterService.swift, GeneratedAssetSymbols.swift (in target 'GoalflowMac' from project 'GoalflowMac')

SwiftDriverJobDiscovery normal arm64 Compiling AppDelegate.swift, ApplyPushResults.swift, ApplyRemotePage.swift, BreakCoverWindowController.swift, BreakOverlayView.swift, BreakSessionStore.swift (in target 'GoalflowMac' from project 'GoalflowMac')

SwiftDriverJobDiscovery normal arm64 Compiling RealtimeWakeup.swift, SchedulingBridge.swift, ServerConflicts.swift, SignInView.swift, SoundGateway.swift (in target 'GoalflowMac' from project 'GoalflowMac')

SwiftDriverJobDiscovery normal arm64 Compiling FrogBadge.swift, GoalModels.swift, GoalStore.swift, GoalflowMacApp.swift, GoalflowTask.swift, HotkeyGateway.swift (in target 'GoalflowMac' from project 'GoalflowMac')

SwiftDriverJobDiscovery normal arm64 Compiling Clock.swift, CompletionHoldController.swift, ConflictsSheet.swift, CurrentTaskProvider.swift, DailyPlanStore.swift, DeviceIdStore.swift (in target 'GoalflowMac' from project 'GoalflowMac')

SwiftDriverJobDiscovery normal arm64 Compiling CaptureOverlayView.swift, CaptureParser.swift, CaptureService.swift, CaptureViewModel.swift, CaptureWindowController.swift, CircularProgress.swift (in target 'GoalflowMac' from project 'GoalflowMac')

SwiftDriverJobDiscovery normal arm64 Compiling BreakState.swift, BreakTimer.swift, BreakdownService.swift, BreakdownSheet.swift, BuildStaging.swift, CalendarCollisionService.swift (in target 'GoalflowMac' from project 'GoalflowMac')

SwiftDriverJobDiscovery normal arm64 Compiling KeychainSessionStore.swift, LoginItemService.swift, MenuBarController.swift, MetaStore.swift, NativeCaptchaView.swift, PlanningGate.swift (in target 'GoalflowMac' from project 'GoalflowMac')

SwiftExplicitDependencyGeneratePcm arm64 /tmp/p2b-macos/Build/Intermediates.noindex/SwiftExplicitPrecompiledModules/XCUIAutomation-EJZEKDCBNIKCHXLF18KL18UBP.pcm

SwiftExplicitDependencyCompileModuleFromInterface arm64 /tmp/p2b-macos/Build/Intermediates.noindex/SwiftExplicitPrecompiledModules/XCUIAutomation-2UXH7J260JCGV.swiftmodule

SwiftExplicitDependencyGeneratePcm arm64 /tmp/p2b-macos/Build/Intermediates.noindex/SwiftExplicitPrecompiledModules/XCTest-5TYV2YTSA9NWAXJDKGNUZAJH2.pcm

SwiftExplicitDependencyCompileModuleFromInterface arm64 /tmp/p2b-macos/Build/Intermediates.noindex/SwiftExplicitPrecompiledModules/XCTest-2OQRU059QDKXY.swiftmodule

SwiftCompile normal arm64 Compiling\ SyncTests.swift /Users/schober/Projects/TSurfing/macos-native/GoalflowMacTests/SyncTests.swift (in target 'GoalflowMacTests' from project 'GoalflowMac')

SwiftCompile normal arm64 /Users/schober/Projects/TSurfing/macos-native/GoalflowMacTests/SyncTests.swift (in target 'GoalflowMacTests' from project 'GoalflowMac')
    cd /Users/schober/Projects/TSurfing/macos-native
    
/Users/schober/Projects/TSurfing/macos-native/GoalflowMacTests/SyncTests.swift:583:13: warning: initialization of immutable value 'res' was never used; consider replacing with assignment to '_' or removing it
        let res = PushResult(mutationId: "m1", accepted: true, serverVersion: 11, replayMismatch: nil, serverMissing: nil, conflictId: nil, record: rec)
        ~~~~^~~
        _
/Users/schober/Projects/TSurfing/macos-native/GoalflowMacTests/SyncTests.swift:677:13: warning: variable 'meta' was never mutated; consider changing to 'let' constant
        var meta = emptySyncMeta()
        ~~~ ^
        let
/Users/schober/Projects/TSurfing/macos-native/GoalflowMacTests/SyncTests.swift:683:13: warning: variable 'meta' was never mutated; consider changing to 'let' constant
        var meta = emptySyncMeta()
        ~~~ ^
        let
/Users/schober/Projects/TSurfing/macos-native/GoalflowMacTests/SyncTests.swift:699:13: warning: variable 'meta' was never mutated; consider changing to 'let' constant
        var meta = emptySyncMeta()
        ~~~ ^
        let

SwiftEmitModule normal arm64 Emitting\ module\ for\ GoalflowMacTests (in target 'GoalflowMacTests' from project 'GoalflowMac')

EmitSwiftModule normal arm64 (in target 'GoalflowMacTests' from project 'GoalflowMac')
    cd /Users/schober/Projects/TSurfing/macos-native
    

SwiftCompile normal arm64 Compiling\ SessionBTests.swift,\ SessionCTests.swift /Users/schober/Projects/TSurfing/macos-native/GoalflowMacTests/SessionBTests.swift /Users/schober/Projects/TSurfing/macos-native/GoalflowMacTests/SessionCTests.swift (in target 'GoalflowMacTests' from project 'GoalflowMac')

SwiftCompile normal arm64 /Users/schober/Projects/TSurfing/macos-native/GoalflowMacTests/SessionBTests.swift (in target 'GoalflowMacTests' from project 'GoalflowMac')
    cd /Users/schober/Projects/TSurfing/macos-native
    

SwiftCompile normal arm64 /Users/schober/Projects/TSurfing/macos-native/GoalflowMacTests/SessionCTests.swift (in target 'GoalflowMacTests' from project 'GoalflowMac')
    cd /Users/schober/Projects/TSurfing/macos-native
    

SwiftCompile normal arm64 Compiling\ EmailOtpAuthTests.swift,\ ExecutionStateTests.swift /Users/schober/Projects/TSurfing/macos-native/GoalflowMacTests/EmailOtpAuthTests.swift /Users/schober/Projects/TSurfing/macos-native/GoalflowMacTests/ExecutionStateTests.swift (in target 'GoalflowMacTests' from project 'GoalflowMac')

SwiftCompile normal arm64 /Users/schober/Projects/TSurfing/macos-native/GoalflowMacTests/EmailOtpAuthTests.swift (in target 'GoalflowMacTests' from project 'GoalflowMac')
    cd /Users/schober/Projects/TSurfing/macos-native
    

SwiftCompile normal arm64 /Users/schober/Projects/TSurfing/macos-native/GoalflowMacTests/ExecutionStateTests.swift (in target 'GoalflowMacTests' from project 'GoalflowMac')
    cd /Users/schober/Projects/TSurfing/macos-native
    

SwiftCompile normal arm64 Compiling\ CalendarTests.swift,\ CaptureServiceTests.swift /Users/schober/Projects/TSurfing/macos-native/GoalflowMacTests/CalendarTests.swift /Users/schober/Projects/TSurfing/macos-native/GoalflowMacTests/CaptureServiceTests.swift (in target 'GoalflowMacTests' from project 'GoalflowMac')

SwiftCompile normal arm64 /Users/schober/Projects/TSurfing/macos-native/GoalflowMacTests/CalendarTests.swift (in target 'GoalflowMacTests' from project 'GoalflowMac')
    cd /Users/schober/Projects/TSurfing/macos-native
    

SwiftCompile normal arm64 /Users/schober/Projects/TSurfing/macos-native/GoalflowMacTests/CaptureServiceTests.swift (in target 'GoalflowMacTests' from project 'GoalflowMac')
    cd /Users/schober/Projects/TSurfing/macos-native
    

SwiftCompile normal arm64 Compiling\ BreakTests.swift,\ BreakdownTests.swift /Users/schober/Projects/TSurfing/macos-native/GoalflowMacTests/BreakTests.swift /Users/schober/Projects/TSurfing/macos-native/GoalflowMacTests/BreakdownTests.swift (in target 'GoalflowMacTests' from project 'GoalflowMac')

SwiftCompile normal arm64 /Users/schober/Projects/TSurfing/macos-native/GoalflowMacTests/BreakTests.swift (in target 'GoalflowMacTests' from project 'GoalflowMac')
    cd /Users/schober/Projects/TSurfing/macos-native
    

SwiftCompile normal arm64 /Users/schober/Projects/TSurfing/macos-native/GoalflowMacTests/BreakdownTests.swift (in target 'GoalflowMacTests' from project 'GoalflowMac')
    cd /Users/schober/Projects/TSurfing/macos-native
    

SwiftCompile normal arm64 Compiling\ RealtimeWakeupTests.swift,\ SchedulingTests.swift /Users/schober/Projects/TSurfing/macos-native/GoalflowMacTests/RealtimeWakeupTests.swift /Users/schober/Projects/TSurfing/macos-native/GoalflowMacTests/SchedulingTests.swift (in target 'GoalflowMacTests' from project 'GoalflowMac')

SwiftCompile normal arm64 /Users/schober/Projects/TSurfing/macos-native/GoalflowMacTests/RealtimeWakeupTests.swift (in target 'GoalflowMacTests' from project 'GoalflowMac')
    cd /Users/schober/Projects/TSurfing/macos-native
    

SwiftCompile normal arm64 /Users/schober/Projects/TSurfing/macos-native/GoalflowMacTests/SchedulingTests.swift (in target 'GoalflowMacTests' from project 'GoalflowMac')
    cd /Users/schober/Projects/TSurfing/macos-native
    

SwiftCompile normal arm64 Compiling\ ExecutionTimerTests.swift,\ FocusSessionStoreTests.swift /Users/schober/Projects/TSurfing/macos-native/GoalflowMacTests/ExecutionTimerTests.swift /Users/schober/Projects/TSurfing/macos-native/GoalflowMacTests/FocusSessionStoreTests.swift (in target 'GoalflowMacTests' from project 'GoalflowMac')

SwiftCompile normal arm64 /Users/schober/Projects/TSurfing/macos-native/GoalflowMacTests/ExecutionTimerTests.swift (in target 'GoalflowMacTests' from project 'GoalflowMac')
    cd /Users/schober/Projects/TSurfing/macos-native
    

SwiftCompile normal arm64 /Users/schober/Projects/TSurfing/macos-native/GoalflowMacTests/FocusSessionStoreTests.swift (in target 'GoalflowMacTests' from project 'GoalflowMac')
    cd /Users/schober/Projects/TSurfing/macos-native
    

SwiftCompile normal arm64 Compiling\ CausalFocusTests.swift,\ CaptureViewModelTests.swift /Users/schober/Projects/TSurfing/macos-native/GoalflowMacTests/CausalFocusTests.swift /Users/schober/Projects/TSurfing/macos-native/GoalflowMacTests/CaptureViewModelTests.swift (in target 'GoalflowMacTests' from project 'GoalflowMac')

SwiftCompile normal arm64 /Users/schober/Projects/TSurfing/macos-native/GoalflowMacTests/CausalFocusTests.swift (in target 'GoalflowMacTests' from project 'GoalflowMac')
    cd /Users/schober/Projects/TSurfing/macos-native
    

SwiftCompile normal arm64 /Users/schober/Projects/TSurfing/macos-native/GoalflowMacTests/CaptureViewModelTests.swift (in target 'GoalflowMacTests' from project 'GoalflowMac')
    cd /Users/schober/Projects/TSurfing/macos-native
    

SwiftDriverJobDiscovery normal arm64 Emitting module for GoalflowMacTests (in target 'GoalflowMacTests' from project 'GoalflowMac')

SwiftCompile normal arm64 Compiling\ HardeningTests.swift,\ PlanningGateTests.swift /Users/schober/Projects/TSurfing/macos-native/GoalflowMacTests/HardeningTests.swift /Users/schober/Projects/TSurfing/macos-native/GoalflowMacTests/PlanningGateTests.swift (in target 'GoalflowMacTests' from project 'GoalflowMac')

SwiftCompile normal arm64 /Users/schober/Projects/TSurfing/macos-native/GoalflowMacTests/HardeningTests.swift (in target 'GoalflowMacTests' from project 'GoalflowMac')
    cd /Users/schober/Projects/TSurfing/macos-native
    

SwiftCompile normal arm64 /Users/schober/Projects/TSurfing/macos-native/GoalflowMacTests/PlanningGateTests.swift (in target 'GoalflowMacTests' from project 'GoalflowMac')
    cd /Users/schober/Projects/TSurfing/macos-native
    

SwiftDriver\ Compilation\ Requirements GoalflowMacTests normal arm64 com.apple.xcode.tools.swift.compiler (in target 'GoalflowMacTests' from project 'GoalflowMac')
    cd /Users/schober/Projects/TSurfing/macos-native
    builtin-Swift-Compilation-Requirements -- /Applications/Xcode.app/Contents/Developer/Toolchains/XcodeDefault.xctoolchain/usr/bin/swiftc -module-name GoalflowMacTests -Onone @/tmp/p2b-macos/Build/Intermediates.noindex/GoalflowMac.build/Debug/GoalflowMacTests.build/Objects-normal/arm64/GoalflowMacTests.SwiftFileList -DDEBUG -plugin-path /Applications/Xcode.app/Contents/Developer/Toolchains/XcodeDefault.xctoolchain/usr/lib/swift/host/plugins/testing -enable-bare-slash-regex -enable-experimental-feature DebugDescriptionMacro -sdk /Applications/Xcode.app/Contents/Developer/Platforms/MacOSX.platform/Developer/SDKs/MacOSX26.5.sdk -target arm64-apple-macos15.0 -g -module-cache-path /tmp/p2b-macos/ModuleCache.noindex -Xfrontend -serialize-debugging-options -enable-testing -index-store-path /tmp/p2b-macos/Index.noindex/DataStore -Xcc -D_LIBCPP_HARDENING_MODE\=_LIBCPP_HARDENING_MODE_DEBUG -swift-version 5 -I /tmp/p2b-macos/Build/Products/Debug -Isystem /Applications/Xcode.app/Contents/Developer/Platforms/MacOSX.platform/Developer/usr/lib -F /tmp/p2b-macos/Build/Products/Debug -F /Applications/Xcode.app/Contents/Developer/Platforms/MacOSX.platform/Developer/Library/Frameworks -emit-localized-strings -emit-localized-strings-path /tmp/p2b-macos/Build/Intermediates.noindex/GoalflowMac.build/Debug/GoalflowMacTests.build/Objects-normal/arm64 -c -j10 -enable-batch-mode -incremental -Xcc -ivfsstatcache -Xcc /tmp/p2b-macos/SDKStatCaches.noindex/macosx26.5-25F70-e082c4a02f00227109f4ed75e425c832.sdkstatcache -output-file-map /tmp/p2b-macos/Build/Intermediates.noindex/GoalflowMac.build/Debug/GoalflowMacTests.build/Objects-normal/arm64/GoalflowMacTests-OutputFileMap.json -use-frontend-parseable-output -save-temps -no-color-diagnostics -explicit-module-build -module-cache-path /tmp/p2b-macos/Build/Intermediates.noindex/SwiftExplicitPrecompiledModules -clang-scanner-module-cache-path /tmp/p2b-macos/ModuleCache.noindex -sdk-module-cache-path /tmp/p2b-macos/ModuleCache.noindex -serialize-diagnostics -emit-dependencies -emit-module -emit-module-path /tmp/p2b-macos/Build/Intermediates.noindex/GoalflowMac.build/Debug/GoalflowMacTests.build/Objects-normal/arm64/GoalflowMacTests.swiftmodule -validate-clang-modules-once -clang-build-session-file /tmp/p2b-macos/ModuleCache.noindex/Session.modulevalidation -Xcc -I/tmp/p2b-macos/Build/Intermediates.noindex/GoalflowMac.build/Debug/GoalflowMacTests.build/swift-overrides.hmap -emit-const-values -Xfrontend -const-gather-protocols-file -Xfrontend /tmp/p2b-macos/Build/Intermediates.noindex/GoalflowMac.build/Debug/GoalflowMacTests.build/Objects-normal/arm64/GoalflowMacTests_const_extract_protocols.json -Xcc -iquote -Xcc /tmp/p2b-macos/Build/Intermediates.noindex/GoalflowMac.build/Debug/GoalflowMacTests.build/GoalflowMacTests-generated-files.hmap -Xcc -I/tmp/p2b-macos/Build/Intermediates.noindex/GoalflowMac.build/Debug/GoalflowMacTests.build/GoalflowMacTests-own-target-headers.hmap -Xcc -I/tmp/p2b-macos/Build/Intermediates.noindex/GoalflowMac.build/Debug/GoalflowMacTests.build/GoalflowMacTests-all-target-headers.hmap -Xcc -iquote -Xcc /tmp/p2b-macos/Build/Intermediates.noindex/GoalflowMac.build/Debug/GoalflowMacTests.build/GoalflowMacTests-project-headers.hmap -Xcc -I/tmp/p2b-macos/Build/Products/Debug/include -Xcc -I/tmp/p2b-macos/Build/Intermediates.noindex/GoalflowMac.build/Debug/GoalflowMacTests.build/DerivedSources-normal/arm64 -Xcc -I/tmp/p2b-macos/Build/Intermediates.noindex/GoalflowMac.build/Debug/GoalflowMacTests.build/DerivedSources/arm64 -Xcc -I/tmp/p2b-macos/Build/Intermediates.noindex/GoalflowMac.build/Debug/GoalflowMacTests.build/DerivedSources -Xcc -DDEBUG\=1 -emit-objc-header -emit-objc-header-path /tmp/p2b-macos/Build/Intermediates.noindex/GoalflowMac.build/Debug/GoalflowMacTests.build/Objects-normal/arm64/GoalflowMacTests-Swift.h -working-directory /Users/schober/Projects/TSurfing/macos-native -experimental-emit-module-separately -disable-cmo

SwiftDriverJobDiscovery normal arm64 Compiling ExecutionTimerTests.swift, FocusSessionStoreTests.swift (in target 'GoalflowMacTests' from project 'GoalflowMac')

SwiftCompile normal arm64 Compiling\ CaptureTests.swift,\ CounterLedgerTests.swift /Users/schober/Projects/TSurfing/macos-native/GoalflowMacTests/CaptureTests.swift /Users/schober/Projects/TSurfing/macos-native/GoalflowMacTests/CounterLedgerTests.swift (in target 'GoalflowMacTests' from project 'GoalflowMac')

SwiftCompile normal arm64 /Users/schober/Projects/TSurfing/macos-native/GoalflowMacTests/CaptureTests.swift (in target 'GoalflowMacTests' from project 'GoalflowMac')
    cd /Users/schober/Projects/TSurfing/macos-native
    

SwiftCompile normal arm64 /Users/schober/Projects/TSurfing/macos-native/GoalflowMacTests/CounterLedgerTests.swift (in target 'GoalflowMacTests' from project 'GoalflowMac')
    cd /Users/schober/Projects/TSurfing/macos-native
    

SwiftMergeGeneratedHeaders /tmp/p2b-macos/Build/Intermediates.noindex/GoalflowMac.build/Debug/GoalflowMacTests.build/DerivedSources/GoalflowMacTests-Swift.h /tmp/p2b-macos/Build/Intermediates.noindex/GoalflowMac.build/Debug/GoalflowMacTests.build/Objects-normal/arm64/GoalflowMacTests-Swift.h (in target 'GoalflowMacTests' from project 'GoalflowMac')
    cd /Users/schober/Projects/TSurfing/macos-native
    builtin-swiftHeaderTool -arch arm64 /tmp/p2b-macos/Build/Intermediates.noindex/GoalflowMac.build/Debug/GoalflowMacTests.build/Objects-normal/arm64/GoalflowMacTests-Swift.h -o /tmp/p2b-macos/Build/Intermediates.noindex/GoalflowMac.build/Debug/GoalflowMacTests.build/DerivedSources/GoalflowMacTests-Swift.h

SwiftDriverJobDiscovery normal arm64 Compiling SessionBTests.swift, SessionCTests.swift (in target 'GoalflowMacTests' from project 'GoalflowMac')

Copy /tmp/p2b-macos/Build/Products/Debug/GoalflowMacTests.swiftmodule/arm64-apple-macos.swiftmodule /tmp/p2b-macos/Build/Intermediates.noindex/GoalflowMac.build/Debug/GoalflowMacTests.build/Objects-normal/arm64/GoalflowMacTests.swiftmodule (in target 'GoalflowMacTests' from project 'GoalflowMac')
    cd /Users/schober/Projects/TSurfing/macos-native
    builtin-copy -exclude .DS_Store -exclude CVS -exclude .svn -exclude .git -exclude .hg -resolve-src-symlinks -rename /tmp/p2b-macos/Build/Intermediates.noindex/GoalflowMac.build/Debug/GoalflowMacTests.build/Objects-normal/arm64/GoalflowMacTests.swiftmodule /tmp/p2b-macos/Build/Products/Debug/GoalflowMacTests.swiftmodule/arm64-apple-macos.swiftmodule

Copy /tmp/p2b-macos/Build/Products/Debug/GoalflowMacTests.swiftmodule/arm64-apple-macos.swiftdoc /tmp/p2b-macos/Build/Intermediates.noindex/GoalflowMac.build/Debug/GoalflowMacTests.build/Objects-normal/arm64/GoalflowMacTests.swiftdoc (in target 'GoalflowMacTests' from project 'GoalflowMac')
    cd /Users/schober/Projects/TSurfing/macos-native
    builtin-copy -exclude .DS_Store -exclude CVS -exclude .svn -exclude .git -exclude .hg -resolve-src-symlinks -rename /tmp/p2b-macos/Build/Intermediates.noindex/GoalflowMac.build/Debug/GoalflowMacTests.build/Objects-normal/arm64/GoalflowMacTests.swiftdoc /tmp/p2b-macos/Build/Products/Debug/GoalflowMacTests.swiftmodule/arm64-apple-macos.swiftdoc

Copy /tmp/p2b-macos/Build/Products/Debug/GoalflowMacTests.swiftmodule/arm64-apple-macos.abi.json /tmp/p2b-macos/Build/Intermediates.noindex/GoalflowMac.build/Debug/GoalflowMacTests.build/Objects-normal/arm64/GoalflowMacTests.abi.json (in target 'GoalflowMacTests' from project 'GoalflowMac')
    cd /Users/schober/Projects/TSurfing/macos-native
    builtin-copy -exclude .DS_Store -exclude CVS -exclude .svn -exclude .git -exclude .hg -resolve-src-symlinks -rename /tmp/p2b-macos/Build/Intermediates.noindex/GoalflowMac.build/Debug/GoalflowMacTests.build/Objects-normal/arm64/GoalflowMacTests.abi.json /tmp/p2b-macos/Build/Products/Debug/GoalflowMacTests.swiftmodule/arm64-apple-macos.abi.json

SwiftDriverJobDiscovery normal arm64 Compiling CalendarTests.swift, CaptureServiceTests.swift (in target 'GoalflowMacTests' from project 'GoalflowMac')

Copy /tmp/p2b-macos/Build/Products/Debug/GoalflowMacTests.swiftmodule/Project/arm64-apple-macos.swiftsourceinfo /tmp/p2b-macos/Build/Intermediates.noindex/GoalflowMac.build/Debug/GoalflowMacTests.build/Objects-normal/arm64/GoalflowMacTests.swiftsourceinfo (in target 'GoalflowMacTests' from project 'GoalflowMac')
    cd /Users/schober/Projects/TSurfing/macos-native
    builtin-copy -exclude .DS_Store -exclude CVS -exclude .svn -exclude .git -exclude .hg -resolve-src-symlinks -rename /tmp/p2b-macos/Build/Intermediates.noindex/GoalflowMac.build/Debug/GoalflowMacTests.build/Objects-normal/arm64/GoalflowMacTests.swiftsourceinfo /tmp/p2b-macos/Build/Products/Debug/GoalflowMacTests.swiftmodule/Project/arm64-apple-macos.swiftsourceinfo

SwiftDriverJobDiscovery normal arm64 Compiling RealtimeWakeupTests.swift, SchedulingTests.swift (in target 'GoalflowMacTests' from project 'GoalflowMac')

SwiftDriverJobDiscovery normal arm64 Compiling BreakTests.swift, BreakdownTests.swift (in target 'GoalflowMacTests' from project 'GoalflowMac')

SwiftDriverJobDiscovery normal arm64 Compiling CausalFocusTests.swift, CaptureViewModelTests.swift (in target 'GoalflowMacTests' from project 'GoalflowMac')

SwiftDriverJobDiscovery normal arm64 Compiling EmailOtpAuthTests.swift, ExecutionStateTests.swift (in target 'GoalflowMacTests' from project 'GoalflowMac')

SwiftDriverJobDiscovery normal arm64 Compiling CaptureTests.swift, CounterLedgerTests.swift (in target 'GoalflowMacTests' from project 'GoalflowMac')

SwiftDriverJobDiscovery normal arm64 Compiling HardeningTests.swift, PlanningGateTests.swift (in target 'GoalflowMacTests' from project 'GoalflowMac')

SwiftDriverJobDiscovery normal arm64 Compiling SyncTests.swift (in target 'GoalflowMacTests' from project 'GoalflowMac')

SwiftDriver\ Compilation GoalflowMacTests normal arm64 com.apple.xcode.tools.swift.compiler (in target 'GoalflowMacTests' from project 'GoalflowMac')
    cd /Users/schober/Projects/TSurfing/macos-native
    builtin-Swift-Compilation -- /Applications/Xcode.app/Contents/Developer/Toolchains/XcodeDefault.xctoolchain/usr/bin/swiftc -module-name GoalflowMacTests -Onone @/tmp/p2b-macos/Build/Intermediates.noindex/GoalflowMac.build/Debug/GoalflowMacTests.build/Objects-normal/arm64/GoalflowMacTests.SwiftFileList -DDEBUG -plugin-path /Applications/Xcode.app/Contents/Developer/Toolchains/XcodeDefault.xctoolchain/usr/lib/swift/host/plugins/testing -enable-bare-slash-regex -enable-experimental-feature DebugDescriptionMacro -sdk /Applications/Xcode.app/Contents/Developer/Platforms/MacOSX.platform/Developer/SDKs/MacOSX26.5.sdk -target arm64-apple-macos15.0 -g -module-cache-path /tmp/p2b-macos/ModuleCache.noindex -Xfrontend -serialize-debugging-options -enable-testing -index-store-path /tmp/p2b-macos/Index.noindex/DataStore -Xcc -D_LIBCPP_HARDENING_MODE\=_LIBCPP_HARDENING_MODE_DEBUG -swift-version 5 -I /tmp/p2b-macos/Build/Products/Debug -Isystem /Applications/Xcode.app/Contents/Developer/Platforms/MacOSX.platform/Developer/usr/lib -F /tmp/p2b-macos/Build/Products/Debug -F /Applications/Xcode.app/Contents/Developer/Platforms/MacOSX.platform/Developer/Library/Frameworks -emit-localized-strings -emit-localized-strings-path /tmp/p2b-macos/Build/Intermediates.noindex/GoalflowMac.build/Debug/GoalflowMacTests.build/Objects-normal/arm64 -c -j10 -enable-batch-mode -incremental -Xcc -ivfsstatcache -Xcc /tmp/p2b-macos/SDKStatCaches.noindex/macosx26.5-25F70-e082c4a02f00227109f4ed75e425c832.sdkstatcache -output-file-map /tmp/p2b-macos/Build/Intermediates.noindex/GoalflowMac.build/Debug/GoalflowMacTests.build/Objects-normal/arm64/GoalflowMacTests-OutputFileMap.json -use-frontend-parseable-output -save-temps -no-color-diagnostics -explicit-module-build -module-cache-path /tmp/p2b-macos/Build/Intermediates.noindex/SwiftExplicitPrecompiledModules -clang-scanner-module-cache-path /tmp/p2b-macos/ModuleCache.noindex -sdk-module-cache-path /tmp/p2b-macos/ModuleCache.noindex -serialize-diagnostics -emit-dependencies -emit-module -emit-module-path /tmp/p2b-macos/Build/Intermediates.noindex/GoalflowMac.build/Debug/GoalflowMacTests.build/Objects-normal/arm64/GoalflowMacTests.swiftmodule -validate-clang-modules-once -clang-build-session-file /tmp/p2b-macos/ModuleCache.noindex/Session.modulevalidation -Xcc -I/tmp/p2b-macos/Build/Intermediates.noindex/GoalflowMac.build/Debug/GoalflowMacTests.build/swift-overrides.hmap -emit-const-values -Xfrontend -const-gather-protocols-file -Xfrontend /tmp/p2b-macos/Build/Intermediates.noindex/GoalflowMac.build/Debug/GoalflowMacTests.build/Objects-normal/arm64/GoalflowMacTests_const_extract_protocols.json -Xcc -iquote -Xcc /tmp/p2b-macos/Build/Intermediates.noindex/GoalflowMac.build/Debug/GoalflowMacTests.build/GoalflowMacTests-generated-files.hmap -Xcc -I/tmp/p2b-macos/Build/Intermediates.noindex/GoalflowMac.build/Debug/GoalflowMacTests.build/GoalflowMacTests-own-target-headers.hmap -Xcc -I/tmp/p2b-macos/Build/Intermediates.noindex/GoalflowMac.build/Debug/GoalflowMacTests.build/GoalflowMacTests-all-target-headers.hmap -Xcc -iquote -Xcc /tmp/p2b-macos/Build/Intermediates.noindex/GoalflowMac.build/Debug/GoalflowMacTests.build/GoalflowMacTests-project-headers.hmap -Xcc -I/tmp/p2b-macos/Build/Products/Debug/include -Xcc -I/tmp/p2b-macos/Build/Intermediates.noindex/GoalflowMac.build/Debug/GoalflowMacTests.build/DerivedSources-normal/arm64 -Xcc -I/tmp/p2b-macos/Build/Intermediates.noindex/GoalflowMac.build/Debug/GoalflowMacTests.build/DerivedSources/arm64 -Xcc -I/tmp/p2b-macos/Build/Intermediates.noindex/GoalflowMac.build/Debug/GoalflowMacTests.build/DerivedSources -Xcc -DDEBUG\=1 -emit-objc-header -emit-objc-header-path /tmp/p2b-macos/Build/Intermediates.noindex/GoalflowMac.build/Debug/GoalflowMacTests.build/Objects-normal/arm64/GoalflowMacTests-Swift.h -working-directory /Users/schober/Projects/TSurfing/macos-native -experimental-emit-module-separately -disable-cmo

SwiftDriverJobDiscovery normal arm64 Compiling ExecutionPanelView.swift, ExecutionState.swift, CounterLedger.swift, CausalFocus.swift, ExecutionTimer.swift, FocusSessionStore.swift (in target 'GoalflowMac' from project 'GoalflowMac')

SwiftDriver\ Compilation GoalflowMac normal arm64 com.apple.xcode.tools.swift.compiler (in target 'GoalflowMac' from project 'GoalflowMac')
    cd /Users/schober/Projects/TSurfing/macos-native
    builtin-Swift-Compilation -- /Applications/Xcode.app/Contents/Developer/Toolchains/XcodeDefault.xctoolchain/usr/bin/swiftc -module-name GoalflowMac -Onone @/tmp/p2b-macos/Build/Intermediates.noindex/GoalflowMac.build/Debug/GoalflowMac.build/Objects-normal/arm64/Tsurfing.SwiftFileList -DDEBUG -enable-bare-slash-regex -enable-experimental-feature DebugDescriptionMacro -sdk /Applications/Xcode.app/Contents/Developer/Platforms/MacOSX.platform/Developer/SDKs/MacOSX26.5.sdk -target arm64-apple-macos15.0 -g -module-cache-path /tmp/p2b-macos/ModuleCache.noindex -Xfrontend -serialize-debugging-options -enable-testing -index-store-path /tmp/p2b-macos/Index.noindex/DataStore -Xcc -D_LIBCPP_HARDENING_MODE\=_LIBCPP_HARDENING_MODE_DEBUG -swift-version 5 -I /tmp/p2b-macos/Build/Products/Debug -F /tmp/p2b-macos/Build/Products/Debug -c -j10 -enable-batch-mode -incremental -Xcc -ivfsstatcache -Xcc /tmp/p2b-macos/SDKStatCaches.noindex/macosx26.5-25F70-e082c4a02f00227109f4ed75e425c832.sdkstatcache -output-file-map /tmp/p2b-macos/Build/Intermediates.noindex/GoalflowMac.build/Debug/GoalflowMac.build/Objects-normal/arm64/GoalflowMac-OutputFileMap.json -use-frontend-parseable-output -save-temps -no-color-diagnostics -explicit-module-build -module-cache-path /tmp/p2b-macos/Build/Intermediates.noindex/SwiftExplicitPrecompiledModules -clang-scanner-module-cache-path /tmp/p2b-macos/ModuleCache.noindex -sdk-module-cache-path /tmp/p2b-macos/ModuleCache.noindex -serialize-diagnostics -emit-dependencies -emit-module -emit-module-path /tmp/p2b-macos/Build/Intermediates.noindex/GoalflowMac.build/Debug/GoalflowMac.build/Objects-normal/arm64/GoalflowMac.swiftmodule -validate-clang-modules-once -clang-build-session-file /tmp/p2b-macos/ModuleCache.noindex/Session.modulevalidation -Xcc -I/tmp/p2b-macos/Build/Intermediates.noindex/GoalflowMac.build/Debug/GoalflowMac.build/swift-overrides.hmap -emit-const-values -Xfrontend -const-gather-protocols-file -Xfrontend /tmp/p2b-macos/Build/Intermediates.noindex/GoalflowMac.build/Debug/GoalflowMac.build/Objects-normal/arm64/GoalflowMac_const_extract_protocols.json -Xcc -iquote -Xcc /tmp/p2b-macos/Build/Intermediates.noindex/GoalflowMac.build/Debug/GoalflowMac.build/Tsurfing-generated-files.hmap -Xcc -I/tmp/p2b-macos/Build/Intermediates.noindex/GoalflowMac.build/Debug/GoalflowMac.build/Tsurfing-own-target-headers.hmap -Xcc -I/tmp/p2b-macos/Build/Intermediates.noindex/GoalflowMac.build/Debug/GoalflowMac.build/Tsurfing-all-target-headers.hmap -Xcc -iquote -Xcc /tmp/p2b-macos/Build/Intermediates.noindex/GoalflowMac.build/Debug/GoalflowMac.build/Tsurfing-project-headers.hmap -Xcc -I/tmp/p2b-macos/Build/Products/Debug/include -Xcc -I/tmp/p2b-macos/Build/Intermediates.noindex/GoalflowMac.build/Debug/GoalflowMac.build/DerivedSources-normal/arm64 -Xcc -I/tmp/p2b-macos/Build/Intermediates.noindex/GoalflowMac.build/Debug/GoalflowMac.build/DerivedSources/arm64 -Xcc -I/tmp/p2b-macos/Build/Intermediates.noindex/GoalflowMac.build/Debug/GoalflowMac.build/DerivedSources -Xcc -DDEBUG\=1 -emit-objc-header -emit-objc-header-path /tmp/p2b-macos/Build/Intermediates.noindex/GoalflowMac.build/Debug/GoalflowMac.build/Objects-normal/arm64/GoalflowMac-Swift.h -working-directory /Users/schober/Projects/TSurfing/macos-native -experimental-emit-module-separately -disable-cmo

Ld /tmp/p2b-macos/Build/Products/Debug/Tsurfing.app/Contents/MacOS/Tsurfing.debug.dylib normal (in target 'GoalflowMac' from project 'GoalflowMac')
    cd /Users/schober/Projects/TSurfing/macos-native
    /Applications/Xcode.app/Contents/Developer/Toolchains/XcodeDefault.xctoolchain/usr/bin/clang -Xlinker -reproducible -target arm64-apple-macos15.0 -dynamiclib -isysroot /Applications/Xcode.app/Contents/Developer/Platforms/MacOSX.platform/Developer/SDKs/MacOSX26.5.sdk -O0 -L/tmp/p2b-macos/Build/Intermediates.noindex/EagerLinkingTBDs/Debug -L/tmp/p2b-macos/Build/Products/Debug -F/tmp/p2b-macos/Build/Intermediates.noindex/EagerLinkingTBDs/Debug -F/tmp/p2b-macos/Build/Products/Debug -filelist /tmp/p2b-macos/Build/Intermediates.noindex/GoalflowMac.build/Debug/GoalflowMac.build/Objects-normal/arm64/Tsurfing.LinkFileList -install_name @rpath/Tsurfing.debug.dylib -Xlinker -rpath -Xlinker /usr/lib/swift -Xlinker -rpath -Xlinker @executable_path/../Frameworks -Xlinker -object_path_lto -Xlinker /tmp/p2b-macos/Build/Intermediates.noindex/GoalflowMac.build/Debug/GoalflowMac.build/Objects-normal/arm64/Tsurfing_lto.o -rdynamic -Xlinker -no_deduplicate -Xlinker -dependency_info -Xlinker /tmp/p2b-macos/Build/Intermediates.noindex/GoalflowMac.build/Debug/GoalflowMac.build/Objects-normal/arm64/Tsurfing_dependency_info.dat -fobjc-link-runtime -L/Applications/Xcode.app/Contents/Developer/Toolchains/XcodeDefault.xctoolchain/usr/lib/swift/macosx -L/usr/lib/swift -Xlinker -add_ast_path -Xlinker /tmp/p2b-macos/Build/Intermediates.noindex/GoalflowMac.build/Debug/GoalflowMac.build/Objects-normal/arm64/GoalflowMac.swiftmodule @/tmp/p2b-macos/Build/Intermediates.noindex/GoalflowMac.build/Debug/GoalflowMac.build/Objects-normal/arm64/GoalflowMac-linker-args.resp -Xlinker -alias -Xlinker _main -Xlinker ___debug_main_executable_dylib_entry_point -o /tmp/p2b-macos/Build/Products/Debug/Tsurfing.app/Contents/MacOS/Tsurfing.debug.dylib

ConstructStubExecutorLinkFileList /tmp/p2b-macos/Build/Intermediates.noindex/GoalflowMac.build/Debug/GoalflowMac.build/Tsurfing-ExecutorLinkFileList-normal-arm64.txt (in target 'GoalflowMac' from project 'GoalflowMac')
    cd /Users/schober/Projects/TSurfing/macos-native
    construct-stub-executor-link-file-list /tmp/p2b-macos/Build/Products/Debug/Tsurfing.app/Contents/MacOS/Tsurfing.debug.dylib /Applications/Xcode.app/Contents/Developer/Platforms/MacOSX.platform/Developer/usr/lib/libPreviewsJITStubExecutor_no_swift_entry_point.a /Applications/Xcode.app/Contents/Developer/Platforms/MacOSX.platform/Developer/usr/lib/libPreviewsJITStubExecutor.a --output /tmp/p2b-macos/Build/Intermediates.noindex/GoalflowMac.build/Debug/GoalflowMac.build/Tsurfing-ExecutorLinkFileList-normal-arm64.txt
note: Using stub executor library with Swift entry point. (in target 'GoalflowMac' from project 'GoalflowMac')

Ld /tmp/p2b-macos/Build/Products/Debug/Tsurfing.app/Contents/MacOS/Tsurfing normal (in target 'GoalflowMac' from project 'GoalflowMac')
    cd /Users/schober/Projects/TSurfing/macos-native
    /Applications/Xcode.app/Contents/Developer/Toolchains/XcodeDefault.xctoolchain/usr/bin/clang -Xlinker -reproducible -target arm64-apple-macos15.0 -isysroot /Applications/Xcode.app/Contents/Developer/Platforms/MacOSX.platform/Developer/SDKs/MacOSX26.5.sdk -O0 -L/tmp/p2b-macos/Build/Products/Debug -F/tmp/p2b-macos/Build/Products/Debug -Xlinker -rpath -Xlinker @executable_path -Xlinker -rpath -Xlinker @executable_path/../Frameworks -rdynamic -Xlinker -no_deduplicate -e ___debug_blank_executor_main -Xlinker -sectcreate -Xlinker __TEXT -Xlinker __debug_dylib -Xlinker /tmp/p2b-macos/Build/Intermediates.noindex/GoalflowMac.build/Debug/GoalflowMac.build/Tsurfing-DebugDylibPath-normal-arm64.txt -Xlinker -sectcreate -Xlinker __TEXT -Xlinker __debug_instlnm -Xlinker /tmp/p2b-macos/Build/Intermediates.noindex/GoalflowMac.build/Debug/GoalflowMac.build/Tsurfing-DebugDylibInstallName-normal-arm64.txt -Xlinker -filelist -Xlinker /tmp/p2b-macos/Build/Intermediates.noindex/GoalflowMac.build/Debug/GoalflowMac.build/Tsurfing-ExecutorLinkFileList-normal-arm64.txt /tmp/p2b-macos/Build/Products/Debug/Tsurfing.app/Contents/MacOS/Tsurfing.debug.dylib -o /tmp/p2b-macos/Build/Products/Debug/Tsurfing.app/Contents/MacOS/Tsurfing

CopySwiftLibs /tmp/p2b-macos/Build/Products/Debug/Tsurfing.app (in target 'GoalflowMac' from project 'GoalflowMac')
    cd /Users/schober/Projects/TSurfing/macos-native
    builtin-swiftStdLibTool --copy --verbose --scan-executable /tmp/p2b-macos/Build/Products/Debug/Tsurfing.app/Contents/MacOS/Tsurfing.debug.dylib --scan-folder /tmp/p2b-macos/Build/Products/Debug/Tsurfing.app/Contents/Frameworks --scan-folder /tmp/p2b-macos/Build/Products/Debug/Tsurfing.app/Contents/PlugIns --scan-folder /tmp/p2b-macos/Build/Products/Debug/Tsurfing.app/Contents/Library/SystemExtensions --scan-folder /tmp/p2b-macos/Build/Products/Debug/Tsurfing.app/Contents/Extensions --platform macosx --toolchain /Applications/Xcode.app/Contents/Developer/Toolchains/XcodeDefault.xctoolchain --destination /tmp/p2b-macos/Build/Products/Debug/Tsurfing.app/Contents/Frameworks --strip-bitcode --strip-bitcode-tool /Applications/Xcode.app/Contents/Developer/Toolchains/XcodeDefault.xctoolchain/usr/bin/bitcode_strip --emit-dependency-info /tmp/p2b-macos/Build/Intermediates.noindex/GoalflowMac.build/Debug/GoalflowMac.build/SwiftStdLibToolInputDependencies.dep --filter-for-swift-os --back-deploy-swift-span
Ignoring --strip-bitcode because --sign was not passed

ExtractAppIntentsMetadata (in target 'GoalflowMac' from project 'GoalflowMac')
    cd /Users/schober/Projects/TSurfing/macos-native
    /Applications/Xcode.app/Contents/Developer/Toolchains/XcodeDefault.xctoolchain/usr/bin/appintentsmetadataprocessor --toolchain-dir /Applications/Xcode.app/Contents/Developer/Toolchains/XcodeDefault.xctoolchain --module-name GoalflowMac --sdk-root /Applications/Xcode.app/Contents/Developer/Platforms/MacOSX.platform/Developer/SDKs/MacOSX26.5.sdk --xcode-version 17F113 --platform-family macOS --deployment-target 15.0 --bundle-identifier com.mariusschober.tsurfing.mac --output /tmp/p2b-macos/Build/Products/Debug/Tsurfing.app/Contents/Resources --target-triple arm64-apple-macos15.0 --binary-file /tmp/p2b-macos/Build/Products/Debug/Tsurfing.app/Contents/MacOS/Tsurfing --dependency-file /tmp/p2b-macos/Build/Intermediates.noindex/GoalflowMac.build/Debug/GoalflowMac.build/Objects-normal/arm64/Tsurfing_dependency_info.dat --stringsdata-file /tmp/p2b-macos/Build/Intermediates.noindex/GoalflowMac.build/Debug/GoalflowMac.build/Objects-normal/arm64/ExtractedAppShortcutsMetadata.stringsdata --source-file-list /tmp/p2b-macos/Build/Intermediates.noindex/GoalflowMac.build/Debug/GoalflowMac.build/Objects-normal/arm64/Tsurfing.SwiftFileList --metadata-file-list /tmp/p2b-macos/Build/Intermediates.noindex/GoalflowMac.build/Debug/GoalflowMac.build/Tsurfing.DependencyMetadataFileList --static-metadata-file-list /tmp/p2b-macos/Build/Intermediates.noindex/GoalflowMac.build/Debug/GoalflowMac.build/Tsurfing.DependencyStaticMetadataFileList --swift-const-vals-list /tmp/p2b-macos/Build/Intermediates.noindex/GoalflowMac.build/Debug/GoalflowMac.build/Objects-normal/arm64/Tsurfing.SwiftConstValuesFileList --compile-time-extraction --deployment-aware-processing --validate-assistant-intents --no-app-shortcuts-localization
2026-09-08 18:30:18.079 appintentsmetadataprocessor[43298:4211826] Starting appintentsmetadataprocessor export
2026-09-08 18:30:18.085 appintentsmetadataprocessor[43298:4211826] warning: Metadata extraction skipped. No AppIntents.framework dependency found.

ProcessInfoPlistFile /tmp/p2b-macos/Build/Products/Debug/Tsurfing.app/Contents/PlugIns/GoalflowMacTests.xctest/Contents/Info.plist /tmp/p2b-macos/Build/Intermediates.noindex/GoalflowMac.build/Debug/GoalflowMacTests.build/empty-GoalflowMacTests.plist (in target 'GoalflowMacTests' from project 'GoalflowMac')
    cd /Users/schober/Projects/TSurfing/macos-native
    builtin-infoPlistUtility /tmp/p2b-macos/Build/Intermediates.noindex/GoalflowMac.build/Debug/GoalflowMacTests.build/empty-GoalflowMacTests.plist -producttype com.apple.product-type.bundle.unit-test -expandbuildsettings -platform macosx -o /tmp/p2b-macos/Build/Products/Debug/Tsurfing.app/Contents/PlugIns/GoalflowMacTests.xctest/Contents/Info.plist

Ld /tmp/p2b-macos/Build/Products/Debug/Tsurfing.app/Contents/PlugIns/GoalflowMacTests.xctest/Contents/MacOS/GoalflowMacTests normal (in target 'GoalflowMacTests' from project 'GoalflowMac')
    cd /Users/schober/Projects/TSurfing/macos-native
    /Applications/Xcode.app/Contents/Developer/Toolchains/XcodeDefault.xctoolchain/usr/bin/clang -Xlinker -reproducible -target arm64-apple-macos15.0 -bundle -isysroot /Applications/Xcode.app/Contents/Developer/Platforms/MacOSX.platform/Developer/SDKs/MacOSX26.5.sdk -O0 -L/tmp/p2b-macos/Build/Intermediates.noindex/EagerLinkingTBDs/Debug -L/tmp/p2b-macos/Build/Products/Debug -L/Applications/Xcode.app/Contents/Developer/Platforms/MacOSX.platform/Developer/usr/lib -F/tmp/p2b-macos/Build/Intermediates.noindex/EagerLinkingTBDs/Debug -F/tmp/p2b-macos/Build/Products/Debug -iframework /Applications/Xcode.app/Contents/Developer/Platforms/MacOSX.platform/Developer/Library/Frameworks -filelist /tmp/p2b-macos/Build/Intermediates.noindex/GoalflowMac.build/Debug/GoalflowMacTests.build/Objects-normal/arm64/GoalflowMacTests.LinkFileList -Xlinker -rpath -Xlinker /usr/lib/swift -Xlinker -rpath -Xlinker @loader_path/../Frameworks -Xlinker -rpath -Xlinker @executable_path/../Frameworks -bundle_loader /tmp/p2b-macos/Build/Products/Debug/Tsurfing.app/Contents/MacOS/Tsurfing -Xlinker -object_path_lto -Xlinker /tmp/p2b-macos/Build/Intermediates.noindex/GoalflowMac.build/Debug/GoalflowMacTests.build/Objects-normal/arm64/GoalflowMacTests_lto.o -rdynamic -Xlinker -no_deduplicate -Xlinker -dependency_info -Xlinker /tmp/p2b-macos/Build/Intermediates.noindex/GoalflowMac.build/Debug/GoalflowMacTests.build/Objects-normal/arm64/GoalflowMacTests_dependency_info.dat -fobjc-link-runtime -L/Applications/Xcode.app/Contents/Developer/Toolchains/XcodeDefault.xctoolchain/usr/lib/swift/macosx -L/usr/lib/swift -Xlinker -add_ast_path -Xlinker /tmp/p2b-macos/Build/Intermediates.noindex/GoalflowMac.build/Debug/GoalflowMacTests.build/Objects-normal/arm64/GoalflowMacTests.swiftmodule @/tmp/p2b-macos/Build/Intermediates.noindex/GoalflowMac.build/Debug/GoalflowMacTests.build/Objects-normal/arm64/GoalflowMacTests-linker-args.resp -Xlinker -needed_framework -Xlinker XCTest -framework XCTest -Xlinker -needed-lXCTestSwiftSupport -lXCTestSwiftSupport /tmp/p2b-macos/Build/Products/Debug/Tsurfing.app/Contents/MacOS/Tsurfing.debug.dylib -o /tmp/p2b-macos/Build/Products/Debug/Tsurfing.app/Contents/PlugIns/GoalflowMacTests.xctest/Contents/MacOS/GoalflowMacTests

CopySwiftLibs /tmp/p2b-macos/Build/Products/Debug/Tsurfing.app/Contents/PlugIns/GoalflowMacTests.xctest (in target 'GoalflowMacTests' from project 'GoalflowMac')
    cd /Users/schober/Projects/TSurfing/macos-native
    builtin-swiftStdLibTool --copy --verbose --scan-executable /tmp/p2b-macos/Build/Products/Debug/Tsurfing.app/Contents/PlugIns/GoalflowMacTests.xctest/Contents/MacOS/GoalflowMacTests --scan-folder /tmp/p2b-macos/Build/Products/Debug/Tsurfing.app/Contents/PlugIns/GoalflowMacTests.xctest/Contents/Frameworks --scan-folder /tmp/p2b-macos/Build/Products/Debug/Tsurfing.app/Contents/PlugIns/GoalflowMacTests.xctest/Contents/PlugIns --scan-folder /tmp/p2b-macos/Build/Products/Debug/Tsurfing.app/Contents/PlugIns/GoalflowMacTests.xctest/Contents/Library/SystemExtensions --scan-folder /tmp/p2b-macos/Build/Products/Debug/Tsurfing.app/Contents/PlugIns/GoalflowMacTests.xctest/Contents/Extensions --platform macosx --toolchain /Applications/Xcode.app/Contents/Developer/Toolchains/XcodeDefault.xctoolchain --destination /tmp/p2b-macos/Build/Products/Debug/Tsurfing.app/Contents/PlugIns/GoalflowMacTests.xctest/Contents/Frameworks --strip-bitcode --scan-executable /Applications/Xcode.app/Contents/Developer/Platforms/MacOSX.platform/Developer/usr/lib/libXCTestSwiftSupport.dylib --strip-bitcode-tool /Applications/Xcode.app/Contents/Developer/Toolchains/XcodeDefault.xctoolchain/usr/bin/bitcode_strip --emit-dependency-info /tmp/p2b-macos/Build/Intermediates.noindex/GoalflowMac.build/Debug/GoalflowMacTests.build/SwiftStdLibToolInputDependencies.dep --filter-for-swift-os --back-deploy-swift-span
Ignoring --strip-bitcode because --sign was not passed

ExtractAppIntentsMetadata (in target 'GoalflowMacTests' from project 'GoalflowMac')
    cd /Users/schober/Projects/TSurfing/macos-native
    /Applications/Xcode.app/Contents/Developer/Toolchains/XcodeDefault.xctoolchain/usr/bin/appintentsmetadataprocessor --toolchain-dir /Applications/Xcode.app/Contents/Developer/Toolchains/XcodeDefault.xctoolchain --module-name GoalflowMacTests --sdk-root /Applications/Xcode.app/Contents/Developer/Platforms/MacOSX.platform/Developer/SDKs/MacOSX26.5.sdk --xcode-version 17F113 --platform-family macOS --deployment-target 15.0 --bundle-identifier com.mariusschober.tsurfing.mac.tests --output /tmp/p2b-macos/Build/Products/Debug/Tsurfing.app/Contents/PlugIns/GoalflowMacTests.xctest/Contents/Resources --target-triple arm64-apple-macos15.0 --binary-file /tmp/p2b-macos/Build/Products/Debug/Tsurfing.app/Contents/PlugIns/GoalflowMacTests.xctest/Contents/MacOS/GoalflowMacTests --dependency-file /tmp/p2b-macos/Build/Intermediates.noindex/GoalflowMac.build/Debug/GoalflowMacTests.build/Objects-normal/arm64/GoalflowMacTests_dependency_info.dat --stringsdata-file /tmp/p2b-macos/Build/Intermediates.noindex/GoalflowMac.build/Debug/GoalflowMacTests.build/Objects-normal/arm64/ExtractedAppShortcutsMetadata.stringsdata --source-file-list /tmp/p2b-macos/Build/Intermediates.noindex/GoalflowMac.build/Debug/GoalflowMacTests.build/Objects-normal/arm64/GoalflowMacTests.SwiftFileList --metadata-file-list /tmp/p2b-macos/Build/Intermediates.noindex/GoalflowMac.build/Debug/GoalflowMacTests.build/GoalflowMacTests.DependencyMetadataFileList --static-metadata-file-list /tmp/p2b-macos/Build/Intermediates.noindex/GoalflowMac.build/Debug/GoalflowMacTests.build/GoalflowMacTests.DependencyStaticMetadataFileList --swift-const-vals-list /tmp/p2b-macos/Build/Intermediates.noindex/GoalflowMac.build/Debug/GoalflowMacTests.build/Objects-normal/arm64/GoalflowMacTests.SwiftConstValuesFileList --compile-time-extraction --deployment-aware-processing --validate-assistant-intents --no-app-shortcuts-localization
2026-09-08 18:30:18.475 appintentsmetadataprocessor[43301:4211842] Starting appintentsmetadataprocessor export
2026-09-08 18:30:18.477 appintentsmetadataprocessor[43301:4211842] warning: Metadata extraction skipped. No AppIntents.framework dependency found.

RegisterExecutionPolicyException /tmp/p2b-macos/Build/Products/Debug/Tsurfing.app/Contents/PlugIns/GoalflowMacTests.xctest (in target 'GoalflowMacTests' from project 'GoalflowMac')
    cd /Users/schober/Projects/TSurfing/macos-native
    builtin-RegisterExecutionPolicyException /tmp/p2b-macos/Build/Products/Debug/Tsurfing.app/Contents/PlugIns/GoalflowMacTests.xctest

Touch /tmp/p2b-macos/Build/Products/Debug/Tsurfing.app/Contents/PlugIns/GoalflowMacTests.xctest (in target 'GoalflowMacTests' from project 'GoalflowMac')
    cd /Users/schober/Projects/TSurfing/macos-native
    /usr/bin/touch -c /tmp/p2b-macos/Build/Products/Debug/Tsurfing.app/Contents/PlugIns/GoalflowMacTests.xctest

RegisterExecutionPolicyException /tmp/p2b-macos/Build/Products/Debug/Tsurfing.app (in target 'GoalflowMac' from project 'GoalflowMac')
    cd /Users/schober/Projects/TSurfing/macos-native
    builtin-RegisterExecutionPolicyException /tmp/p2b-macos/Build/Products/Debug/Tsurfing.app

Validate /tmp/p2b-macos/Build/Products/Debug/Tsurfing.app (in target 'GoalflowMac' from project 'GoalflowMac')
    cd /Users/schober/Projects/TSurfing/macos-native
    builtin-validationUtility /tmp/p2b-macos/Build/Products/Debug/Tsurfing.app -no-validate-extension -infoplist-subpath Contents/Info.plist

Touch /tmp/p2b-macos/Build/Products/Debug/Tsurfing.app (in target 'GoalflowMac' from project 'GoalflowMac')
    cd /Users/schober/Projects/TSurfing/macos-native
    /usr/bin/touch -c /tmp/p2b-macos/Build/Products/Debug/Tsurfing.app

RegisterWithLaunchServices /tmp/p2b-macos/Build/Products/Debug/Tsurfing.app (in target 'GoalflowMac' from project 'GoalflowMac')
    cd /Users/schober/Projects/TSurfing/macos-native
    /System/Library/Frameworks/CoreServices.framework/Versions/Current/Frameworks/LaunchServices.framework/Versions/Current/Support/lsregister -f -R -trusted /tmp/p2b-macos/Build/Products/Debug/Tsurfing.app

2026-09-08 18:30:21.369147+0100 Tsurfing[43305:4211959] [Connection] Unable to get synchronousRemoteObjectProxy, error: Error Domain=NSCocoaErrorDomain Code=4097 "connection to service named com.apple.linkd.autoShortcut" UserInfo={NSDebugDescription=connection to service named com.apple.linkd.autoShortcut}
2026-09-08 18:30:21.357853+0100 Tsurfing[43305:4211944] [Connection] Unable to get synchronousRemoteObjectProxy, error: Error Domain=NSCocoaErrorDomain Code=4097 "connection to service named com.apple.linkd.autoShortcut" UserInfo={NSDebugDescription=connection to service named com.apple.linkd.autoShortcut}
2026-09-08 18:30:21.361844+0100 Tsurfing[43305:4211949] [Connection] Unable to get synchronousRemoteObjectProxy, error: Error Domain=NSCocoaErrorDomain Code=4097 "connection to service named com.apple.linkd.autoShortcut" UserInfo={NSDebugDescription=connection to service named com.apple.linkd.autoShortcut}
2026-09-08 18:30:21.361002+0100 Tsurfing[43305:4211931] [Connection] Unable to get synchronousRemote2026-09-08 18:30:21.357122+0100 Tsurfing[43305:4211943] [Connection] Unable to get synchronousRemoteObjectProxy, error: Error Domain=NSCocoaErrorDomain Code=4097 "connection to service named com.apple.linkd.autoShortcut" UserInfo={NSDebugDescription=connection to service named com.apple.linkd.autoShortcut}
2026-09-08 18:30:21.364386+0100 Tsurfing[43305:4211953] [Connection] Unable to get synchronousRemoteObjectProxy, error: Error Domain=NSCocoaErrorDomain Code=4097 "connection to service named com.apple.linkd.autoShortcut" UserInfo={NSDebugDescription=connection to service named com.apple.linkd.autoShortcut}
2026-09-08 18:30:21.365875+0100 Tsurfing[43305:4211955] [Connection] Unable to get synchronousRemoteObjectProxy, error: Error Domain=NSCocoaErrorDomain Code=4097 "connection to service named com.apple.linkd.autoShortcut" UserInfo={NSDebugDescription=connection to service named com.apple.linkd.autoShortcut}
2026-09-08 18:30:21.358550+0100 Tsurfing[43305:4211945] [Connection] Unable to get synchronousRemote2026-09-08 18:30:21.362694+0100 Tsurfing[43305:4211950] [Connection] Unable to get synchronousRemoteObjectProxy, error: Error Domain=NSCocoaErrorDomain Code=4097 "connection to service named com.apple.linkd.autoShortcut" UserInfo={NSDebugDescription=connection to service named com.apple.linkd.autoShortcut}
2026-09-08 18:30:21.367711+0100 Tsurfing[43305:4211957] [Connection] Unable to get synchronousRemoteObjectProxy, error: Error Domain=NSCocoaErrorDomain Code=4097 "connection to service named com.apple.linkd.autoShortcut" UserInfo={NSDebugDescription=connection to service named com.apple.linkd.autoShortcut}
2026-09-08 18:30:21.366826+0100 Tsurfing[43305:4211948] [Connection] Unable to get synchronousRemoteObjectProxy, error: Error Domain=NSCocoaErrorDomain Code=4097 "connection to service named com.apple.linkd.autoShortcut" UserInfo={NSDebugDescription=connection to service named com.apple.linkd.autoShortcut}
ObjectProxy, error: Error Domain=NSCocoaErrorDomain Code=4097 "connection to service named com.apple2026-09-08 18:30:21.368439+0100 Tsurfing[43305:4211958] [Connection] Unable to get synchronousRemoteObjectProxy, error: Error Domain=NSCocoaErrorDomain Code=4097 "connection to service named com.apple.linkd.autoShortcut" UserInfo={NSDebugDescription=connection to service named com.apple.linkd.autoShortcut}
.linkd.autoShortcut" UserInfo={NSDebugDescription=connection to service named com.apple.linkd.autoShortcut}
2026-09-08 18:30:21.370323+0100 Tsurfing[43305:4211959] [Connection] Unable to re-register with Process Instance Registry, error: Error Domain=NSCocoaErrorDomain Code=4097 "connection to service named com.apple.linkd.autoShortcut" UserInfo={NSDebugDescription=connection to service named com.apple.linkd.autoShortcut}
2026-09-08 18:30:21.355432+0100 Tsurfing[43305:4211932] [Connection] Unable to get synchronousRemoteObjectProxy, error: Error Domain=NSCocoaErrorDomain Code=4097 "connection to service named com.apple.linkd.autoShortcut" UserInfo={NSDebugDescription=connection to service named com.apple.li2026-09-08 18:30:21.370323+0100 Tsurfing[43305:4211949] [Connection] Unable to re-register with Process Instance Registry, error: Error Domain=NSCocoaErrorDomain Code=4097 "connection to service named com.apple.linkd.autoShortcut" UserInfo={NSDebugDescription=connection to service named com.apple.linkd.autoShortcut}
2026-09-08 18:30:21.356374+0100 Tsurfing[43305:4211930] [Connection] Unable to get synchronousRemoteObjectProxy, error: Error Domain=NSCocoaErrorDomain Code=4097 "connection to service named com.apple.linkd.autoShortcut" UserInfo={NSDebugDescription=connection to service named com.apple.linkd.autoShortcut}
2026-09-08 18:30:21.359436+0100 Tsurfing[43305:4211946] [Connection] Unable to get synchronousRemoteObjectProxy, error: Error Domain=NSCocoaErrorDomain Code=4097 "connection to service named com.apple.linkd.autoShortcut" UserInfo={NSDebugDescription=connection to service named com.apple.linkd.autoShortcut}
2026-09-08 18:30:21.363412+0100 Tsurfing[43305:4211952] [Connection] Unable to get synchro2026-09-08 18:30:21.372374+0100 Tsurfing[43305:4211960] [Connection] Unable to get synchronousRemoteObjectProxy, error: Error Domain=NSCocoaErrorDomain Code=4097 "connection to service named com.apple.linkd.autoShortcut" UserInfo={NSDebugDescription=connection to service named com.apple.linkd.autoShortcut}
2026-09-08 18:30:21.380889+0100 Tsurfing[43305:4211962] [Connection] Unable to get synchronousRemoteObjectProxy, error: Error Domain=NSCocoaErrorDomain Code=4097 "connection to service named com.apple.linkd.autoShortcut" UserInfo={NSDebugDescription=connection to service named com.apple.linkd.autoShortcut}
2026-09-08 18:30:21.381822+0100 Tsurfing[43305:4211963] [Connection] Unable to get synchronousRemoteObjectProxy, error: Error Domain=NSCocoaErrorDomain Code=4097 "connection to service named com.apple.linkd.autoShortcut" UserInfo={NSDebugDescription=connection to service named com.apple.linkd.autoShortcut}
nousRemoteObjectProxy, error: Error Domain=NSCocoaErrorDomain Code=4097 "connection to service named com.apple.linkd.autoShortcut" UserInfo={NSDebugDescription=connection to service named com.apple.linkd.autoShortcut}
2026-09-08 18:30:21.382316+0100 Tsurfing[43305:4211960] [Connection] Unable to re-register with Process Instance Registry, error: Error Domain=NSCocoaErrorDomain Code=4097 "connection to service named com.apple.linkd.autoShortcut" UserInfo={NSDebugDescription=connection to service named com.apple.linkd.autoShortcut}
2026-09-08 18:30:21.382633+0100 Tsurfing[43305:4211952] [Connection] Unable to re-register with Process Instance Registry, error: Error Domain=NSCocoaErrorDomain Code=4097 "connection to service named com.apple.linkd.autoShortcut" UserInfo={NSDebugDescription=connection to service named com.apple.linkd.autoShortcut}
2026-09-08 18:30:21.382686+0100 Tsurfing[43305:4211952] [Connection] Will NOT re-try to establish the connection
2026-09-08 18:30:21.378816+0100 Tsurfing[43305:4211943] [Connection] Unable to re-register with Process Instance Registry, error: Error Domain=NSCocoaErrorDoObjectProxy, error: Error Domain=NSCocoaErrorDomain Code=4097 "connection to service named com.apple.linkd.autoShortcut" UserInfo={NSDebugDescription=connection to service named com.apple.linkd.autoShortcut}
2026-09-08 18:30:21.378812+0100 Tsurfing[43305:4211953] [Connection] Unable to re-register with Process Instance Registry, error: Error Domain=NSCocoaErrorDomain Code=4097 "connection to service named com.apple.linkd.autoShortcut" UserInfo={NSDebugDescription=connection to service named com.apple.linkd.autoShortcut}
2026-09-08 18:30:21.380032+0100 Tsurfing[43305:4211961] [Connection] Unable to get synchronousRemoteObjectProxy, error: Error Domain=NSCocoaErrorDomain Code=4097 "connection to service named com.apple.linkd.autoShortcut" UserInfo={NSDebugDescription=connection to service named com.apple.linkd.autoShortcut}
2026-09-08 18:30:21.370319+0100 Tsurfing[43305:4211944] [Connection] Unable to re-register with Process Instance Registry, error: Error Domain=NSCocoaErrorDomain Code=4097 "connection to service named com.apple.linkd.autoShortcut" UserInfo={NSDebugDescription=connection to service named com.apple.linkd.autoShortcut}
2026-09-08 18:30:21.381663+0100 Tsurfing[43305:4211948] [Connection] Unable to re-register with Process Instance Registry, error: Error Domain=NSCocoaErrorDomain Code=4097 "connection to service named com.apple.linkd.autoShortcut" UserInfo={NSDebugDescription=connection to service named com.apple.linkd.autoShortcut}
2026-09-08 18:30:21.382890+0100 Tsurfing[43305:4211931] [Connection] Unable to re-register with Process Instance Registry, error: Error Domain=NSCocoaErrorDomain Code=4097 "connection to service named com.apple.linkd.autoShortcut" UserInfo={NSDebugDescription=connection to service named com.apple.linkd.autoShortcut}
2026-09-08 18:30:21.381930+0100 Tsurfing[43305:4211958] [Connection] Unable to re-register with Process Instance Registry, error: Error Domain=NSCocoaErrorDomain Code=4097 "connection to service named com.apple.linkd.autoShortcut" UserInfo={NSDebugDescription=2026-09-08 18:30:21.382155+0100 Tsurfing[43305:4211946] [Connection] Unable to re-register with Process Instance Registry, error: Error Domain=NSCocoaErrorDomain Code=4097 "connection to service named com.apple.linkd.autoShortcut" UserInfo={NSDebugDescription=connection to service named com.apple.linkd.autoShortcut}
2026-09-08 18:30:21.381687+0100 Tsurfing[43305:4211957] [Connection] Unable to re-register with Process Instance Registry, error: Error Domain=NSCocoaErrorDomain Code=4097 "connection to service named com.apple.linkd.autoShortcut" UserInfo={NSDebugDescription=connection to service named com.apple.linkd.autoShortcut}
2026-09-08 18:30:21.365076+0100 Tsurfing[43305:4211954] [Connection] Unable to get synchronousRemoteObjectProxy, error: Error Domain=NSCocoaErrorDomain Code=4097 "connection to service named com.apple.linkd.autoShortcut" UserInfo={NSDebugDescription=connection to service named com.apple.linkd.autoShortcut}
2026-09-08 18:30:21.381965+0100 Tsurfing[43305:4211945] [Connection] Unable to r2026-09-08 18:30:21.381690+0100 Tsurfing[43305:4211950] [Connection] Unable to re-register with Process Instance Registry, error: Error Domain=NSCocoaErrorDomain Code=4097 "connection to service named com.apple.linkd.autoShortcut" UserInfo={NSDebugDescription=connection to service named com.apple.linkd.autoShortcut}
2026-09-08 18:30:21.360219+0100 Tsurfing[43305:4211947] [Connection] Unable to get synchronousRemoteObjectProxy, error: Error Domain=NSCocoaErrorDomain Code=4097 "connection to service named com.apple.linkd.autoShortcut" UserInfo={NSDebugDescription=connection to service named com.apple.linkd.autoShortcut}
2026-09-08 18:30:21.382193+0100 Tsurfing[43305:4211930] [Connection] Unable to re-register with Process Instance Registry, error: Error Domain=NSCocoaErrorDomain Code=4097 "connection to service named com.apple.linkd.autoShortcut" UserInfo={NSDebugDescription=connection to service named com.apple.linkd.autoShortcut}
nkd.autoShortcut}
2026-09-08 18:30:21.382347+0100 Tsurfing[43305:4211962] [Connection] Unable to re-register with Process Instance Registry, error: Error Domain=NSCocoaErrorDomain Code=4097 "connection to service named com.apple.linkd.autoShortcut" UserInfo={NSDebugDescription=connection to service named com.apple.linkd.autoShortcut}
2026-09-08 18:30:21.382347+0100 Tsurfing[43305:4211963] [Connection] Unable to re-register with Process Instance Registry, error: Error Domain=NSCocoaErrorDomain Code=4097 "connection to service named com.apple.linkd.autoShortcut" UserInfo={NSDebugDescription=connection to service named com.apple.linkd.autoShortcut}
2026-09-08 18:30:21.378819+0100 Tsurfing[43305:4211955] [Connection] Unable to re-register with Process Instance Registry, error: Error Domain=NSCocoaErrorDomain Code=4097 "connection to service named com.apple.linkd.autoShortcut" UserInfo={NSDebugDescription=connection to service named com.apple.linkd.autoShortcut}
main Code=4097 "connection to service named com.apple.linkd.autoShortcut" UserInfo={NSDebugDescription=connection to service named com.apple.linkd.autoShortcut}
2026-09-08 18:30:21.382812+0100 Tsurfing[43305:4211964] [Connection] Unable to get synchronousRemoteObjectProxy, error: Error Domain=NSCocoaErrorDomain Code=4097 "connection to service named com.apple.linkd.autoShortcut" UserInfo={NSDebugDescription=connection to service named com.apple.linkd.autoShortcut}
2026-09-08 18:30:21.382896+0100 Tsurfing[43305:4211961] [Connection] Unable to re-register with Process Instance Registry, error: Error Domain=NSCocoaErrorDomain Code=4097 "connection to service named com.apple.linkd.autoShortcut" UserInfo={NSDebugDescription=connection to service named com.apple.linkd.autoShortcut}
connection to service named com.apple.linkd.autoShortcut}
2026-09-08 18:30:21.383231+0100 Tsurfing[43305:4211954] [Connection] Unable to re-register with Process Instance Registry, error: Error Domain=NSCocoaErrorDomain Code=4097 "connection to service named com.apple.linkd.autoShortcut" UserInfo={NSDebugDescription=connection to service named com.apple.linkd.autoShortcut}
2026-09-08 18:30:21.383621+0100 Tsurfing[43305:4211964] [Connection] Unable to re-register with Process Instance Registry, error: Error Domain=NSCocoaErrorDomain Code=4097 "connection to service named com.apple.linkd.autoShortcut" UserInfo={NSDebugDescription=connection to service named com.apple.linkd.autoShortcut}
2026-09-08 18:30:21.383409+0100 Tsurfing[43305:4211947] [Connection] Unable to re-register with Process Instance Registry, error: Error Domain=NSCocoaErrorDomain Code=4097 "connection to service named com.apple.linkd.autoShortcut" UserInfo={NSDebugDescription=connection to service named com.apple.linkd.autoShortcut}
e-register with Process Instance Registry, error: Error Domain=NSCocoaErrorDomain Code=4097 "connection to service named com.apple.linkd.autoShortcut" UserInfo={NSDebugDescription=connection to service named com.apple.linkd.autoShortcut}
2026-09-08 18:30:21.383399+0100 Tsurfing[43305:4211932] [Application] Error registering app with intents framework: Error Domain=NSCocoaErrorDomain Code=4097 "connection to service named com.apple.linkd.autoShortcut" UserInfo={NSDebugDescription=connection to service named com.apple.linkd.autoShortcut}
Test Suite 'All tests' started at 2026-09-08 18:30:22.199.
Test Suite 'GoalflowMacTests.xctest' started at 2026-09-08 18:30:22.200.
Test Suite 'ApplyPushResultsTests' started at 2026-09-08 18:30:22.200.
Test Case '-[GoalflowMacTests.ApplyPushResultsTests test_accepted_proves_and_clears]' started.
Test Case '-[GoalflowMacTests.ApplyPushResultsTests test_accepted_proves_and_clears]' passed (0.002 seconds).
Test Case '-[GoalflowMacTests.ApplyPushResultsTests test_accepted_receipt_with_different_device_throws]' started.
Test Case '-[GoalflowMacTests.ApplyPushResultsTests test_accepted_receipt_with_different_device_throws]' passed (0.001 seconds).
Test Case '-[GoalflowMacTests.ApplyPushResultsTests test_accepted_receipt_with_different_timestamp_throws]' started.
Test Case '-[GoalflowMacTests.ApplyPushResultsTests test_accepted_receipt_with_different_timestamp_throws]' passed (0.001 seconds).
Test Case '-[GoalflowMacTests.ApplyPushResultsTests test_duplicate_ack_throws]' started.
Test Case '-[GoalflowMacTests.ApplyPushResultsTests test_duplicate_ack_throws]' passed (0.001 seconds).
Test Case '-[GoalflowMacTests.ApplyPushResultsTests test_exact_ack_required]' started.
Test Case '-[GoalflowMacTests.ApplyPushResultsTests test_exact_ack_required]' passed (0.001 seconds).
Test Case '-[GoalflowMacTests.ApplyPushResultsTests test_receipt_parser_rejects_boolean_and_fractional_versions]' started.
Test Case '-[GoalflowMacTests.ApplyPushResultsTests test_receipt_parser_rejects_boolean_and_fractional_versions]' passed (0.001 seconds).
Test Case '-[GoalflowMacTests.ApplyPushResultsTests test_rejected_resolution_replaces_old_conflict_without_losing_history]' started.
Test Case '-[GoalflowMacTests.ApplyPushResultsTests test_rejected_resolution_replaces_old_conflict_without_losing_history]' passed (0.001 seconds).
Test Case '-[GoalflowMacTests.ApplyPushResultsTests test_replayMismatch_throws]' started.
Test Case '-[GoalflowMacTests.ApplyPushResultsTests test_replayMismatch_throws]' passed (0.001 seconds).
Test Case '-[GoalflowMacTests.ApplyPushResultsTests test_server_snake_case_receipt_preserves_exact_record]' started.
Test Case '-[GoalflowMacTests.ApplyPushResultsTests test_server_snake_case_receipt_preserves_exact_record]' passed (0.001 seconds).
Test Case '-[GoalflowMacTests.ApplyPushResultsTests test_serverVersion_zero_when_accepted_throws]' started.
Test Case '-[GoalflowMacTests.ApplyPushResultsTests test_serverVersion_zero_when_accepted_throws]' passed (0.001 seconds).
Test Case '-[GoalflowMacTests.ApplyPushResultsTests test_stableJson_mismatch_throws]' started.
Test Case '-[GoalflowMacTests.ApplyPushResultsTests test_stableJson_mismatch_throws]' passed (0.001 seconds).
Test Suite 'ApplyPushResultsTests' passed at 2026-09-08 18:30:22.231.
	 Executed 11 tests, with 0 failures (0 unexpected) in 0.010 (0.032) seconds
Test Suite 'ApplyRemotePageTests' started at 2026-09-08 18:30:22.232.
Test Case '-[GoalflowMacTests.ApplyRemotePageTests test_cursor_moved_backwards_throws]' started.
Test Case '-[GoalflowMacTests.ApplyRemotePageTests test_cursor_moved_backwards_throws]' passed (0.001 seconds).
Test Case '-[GoalflowMacTests.ApplyRemotePageTests test_duplicate_serverVersion_throws]' started.
Test Case '-[GoalflowMacTests.ApplyRemotePageTests test_duplicate_serverVersion_throws]' passed (0.001 seconds).
Test Case '-[GoalflowMacTests.ApplyRemotePageTests test_pull_creates_conflict_when_pending]' started.
Test Case '-[GoalflowMacTests.ApplyRemotePageTests test_pull_creates_conflict_when_pending]' passed (0.001 seconds).
Test Case '-[GoalflowMacTests.ApplyRemotePageTests test_skip_throws]' started.
Test Case '-[GoalflowMacTests.ApplyRemotePageTests test_skip_throws]' passed (0.001 seconds).
Test Case '-[GoalflowMacTests.ApplyRemotePageTests test_stale_serverVersion_throws]' started.
Test Case '-[GoalflowMacTests.ApplyRemotePageTests test_stale_serverVersion_throws]' passed (0.001 seconds).
Test Case '-[GoalflowMacTests.ApplyRemotePageTests test_upsert_when_no_pending]' started.
Test Case '-[GoalflowMacTests.ApplyRemotePageTests test_upsert_when_no_pending]' passed (0.001 seconds).
Test Suite 'ApplyRemotePageTests' passed at 2026-09-08 18:30:22.240.
	 Executed 6 tests, with 0 failures (0 unexpected) in 0.004 (0.009) seconds
Test Suite 'AudibleExecutionTimerTests' started at 2026-09-08 18:30:22.240.
Test Case '-[GoalflowMacTests.AudibleExecutionTimerTests test_ticks_during_countdown_and_overtime_but_not_pause_or_repeated_time]' started.
Test Case '-[GoalflowMacTests.AudibleExecutionTimerTests test_ticks_during_countdown_and_overtime_but_not_pause_or_repeated_time]' passed (0.002 seconds).
Test Suite 'AudibleExecutionTimerTests' passed at 2026-09-08 18:30:22.249.
	 Executed 1 test, with 0 failures (0 unexpected) in 0.002 (0.008) seconds
Test Suite 'AutomaticReconciliationTests' started at 2026-09-08 18:30:22.249.
Test Case '-[GoalflowMacTests.AutomaticReconciliationTests test_changed_conflict_history_is_not_cleared_by_old_ack]' started.
Test Case '-[GoalflowMacTests.AutomaticReconciliationTests test_changed_conflict_history_is_not_cleared_by_old_ack]' passed (0.002 seconds).
Test Case '-[GoalflowMacTests.AutomaticReconciliationTests test_duplicate_original_mutation_is_rejected]' started.
Test Case '-[GoalflowMacTests.AutomaticReconciliationTests test_duplicate_original_mutation_is_rejected]' passed (0.001 seconds).
Test Case '-[GoalflowMacTests.AutomaticReconciliationTests test_edit_during_request_preserves_outbox_identity_and_visible_value]' started.
Test Case '-[GoalflowMacTests.AutomaticReconciliationTests test_edit_during_request_preserves_outbox_identity_and_visible_value]' passed (0.002 seconds).
Test Case '-[GoalflowMacTests.AutomaticReconciliationTests test_exact_ack_applies_current_cloud_and_replay_is_noop]' started.
Test Case '-[GoalflowMacTests.AutomaticReconciliationTests test_exact_ack_applies_current_cloud_and_replay_is_noop]' passed (0.002 seconds).
Test Case '-[GoalflowMacTests.AutomaticReconciliationTests test_invalid_record_identity_and_boolean_revision_are_rejected]' started.
Test Case '-[GoalflowMacTests.AutomaticReconciliationTests test_invalid_record_identity_and_boolean_revision_are_rejected]' passed (0.001 seconds).
Test Case '-[GoalflowMacTests.AutomaticReconciliationTests test_mismatched_ack_and_stale_revision_leave_history_intact]' started.
Test Case '-[GoalflowMacTests.AutomaticReconciliationTests test_mismatched_ack_and_stale_revision_leave_history_intact]' passed (0.002 seconds).
Test Suite 'AutomaticReconciliationTests' passed at 2026-09-08 18:30:22.262.
	 Executed 6 tests, with 0 failures (0 unexpected) in 0.009 (0.013) seconds
Test Suite 'BreakAlarmRegressionTests' started at 2026-09-08 18:30:22.262.
Test Case '-[GoalflowMacTests.BreakAlarmRegressionTests test_expired_ticks_and_restores_only_notify_once_and_dismissal_stops]' started.
Test Case '-[GoalflowMacTests.BreakAlarmRegressionTests test_expired_ticks_and_restores_only_notify_once_and_dismissal_stops]' passed (0.001 seconds).
Test Case '-[GoalflowMacTests.BreakAlarmRegressionTests test_open_break_does_not_alarm_and_stop_cancels_output]' started.
Test Case '-[GoalflowMacTests.BreakAlarmRegressionTests test_open_break_does_not_alarm_and_stop_cancels_output]' passed (0.001 seconds).
Test Suite 'BreakAlarmRegressionTests' passed at 2026-09-08 18:30:22.264.
	 Executed 2 tests, with 0 failures (0 unexpected) in 0.001 (0.002) seconds
Test Suite 'BreakReturnTests' started at 2026-09-08 18:30:22.264.
Test Case '-[GoalflowMacTests.BreakReturnTests test_break_does_not_bleed_into_focus]' started.
Test Case '-[GoalflowMacTests.BreakReturnTests test_break_does_not_bleed_into_focus]' passed (0.001 seconds).
Test Case '-[GoalflowMacTests.BreakReturnTests test_pause_before_break_freeze]' started.
Test Case '-[GoalflowMacTests.BreakReturnTests test_pause_before_break_freeze]' passed (0.001 seconds).
Test Suite 'BreakReturnTests' passed at 2026-09-08 18:30:22.266.
	 Executed 2 tests, with 0 failures (0 unexpected) in 0.001 (0.002) seconds
Test Suite 'BreakSessionStoreTests' started at 2026-09-08 18:30:22.268.
Test Case '-[GoalflowMacTests.BreakSessionStoreTests test_corrupt_break_state_is_not_treated_as_no_break]' started.
Test Case '-[GoalflowMacTests.BreakSessionStoreTests test_corrupt_break_state_is_not_treated_as_no_break]' passed (0.002 seconds).
Test Case '-[GoalflowMacTests.BreakSessionStoreTests test_file_persists_and_clears]' started.
Test Case '-[GoalflowMacTests.BreakSessionStoreTests test_file_persists_and_clears]' passed (0.002 seconds).
Test Case '-[GoalflowMacTests.BreakSessionStoreTests test_open_ended_persists]' started.
Test Case '-[GoalflowMacTests.BreakSessionStoreTests test_open_ended_persists]' passed (0.002 seconds).
Test Suite 'BreakSessionStoreTests' passed at 2026-09-08 18:30:22.274.
	 Executed 3 tests, with 0 failures (0 unexpected) in 0.005 (0.006) seconds
Test Suite 'BreakStateTests' started at 2026-09-08 18:30:22.274.
Test Case '-[GoalflowMacTests.BreakStateTests test_durations]' started.
Test Case '-[GoalflowMacTests.BreakStateTests test_durations]' passed (0.001 seconds).
Test Case '-[GoalflowMacTests.BreakStateTests test_open_ended_never_expired]' started.
Test Case '-[GoalflowMacTests.BreakStateTests test_open_ended_never_expired]' passed (0.001 seconds).
Test Case '-[GoalflowMacTests.BreakStateTests test_remaining_and_expired]' started.
Test Case '-[GoalflowMacTests.BreakStateTests test_remaining_and_expired]' passed (0.001 seconds).
Test Suite 'BreakStateTests' passed at 2026-09-08 18:30:22.277.
	 Executed 3 tests, with 0 failures (0 unexpected) in 0.002 (0.003) seconds
Test Suite 'BreakTimerTests' started at 2026-09-08 18:30:22.277.
Test Case '-[GoalflowMacTests.BreakTimerTests test_break_open_elapsed]' started.
Test Case '-[GoalflowMacTests.BreakTimerTests test_break_open_elapsed]' passed (0.002 seconds).
Test Case '-[GoalflowMacTests.BreakTimerTests test_break_timer_counts]' started.
Test Case '-[GoalflowMacTests.BreakTimerTests test_break_timer_counts]' passed (0.001 seconds).
Test Suite 'BreakTimerTests' passed at 2026-09-08 18:30:22.281.
	 Executed 2 tests, with 0 failures (0 unexpected) in 0.003 (0.004) seconds
Test Suite 'BuildStagingTests' started at 2026-09-08 18:30:22.281.
Test Case '-[GoalflowMacTests.BuildStagingTests test_added_record]' started.
Test Case '-[GoalflowMacTests.BuildStagingTests test_added_record]' passed (0.001 seconds).
Test Case '-[GoalflowMacTests.BuildStagingTests test_deleted_record]' started.
Test Case '-[GoalflowMacTests.BuildStagingTests test_deleted_record]' passed (0.001 seconds).
Test Case '-[GoalflowMacTests.BuildStagingTests test_noop_when_equal]' started.
Test Case '-[GoalflowMacTests.BuildStagingTests test_noop_when_equal]' passed (0.006 seconds).
Test Case '-[GoalflowMacTests.BuildStagingTests test_per_record_diff_creates_mutation]' started.
Test Case '-[GoalflowMacTests.BuildStagingTests test_per_record_diff_creates_mutation]' passed (0.001 seconds).
Test Case '-[GoalflowMacTests.BuildStagingTests test_singleton_store]' started.
Test Case '-[GoalflowMacTests.BuildStagingTests test_singleton_store]' passed (0.001 seconds).
Test Suite 'BuildStagingTests' passed at 2026-09-08 18:30:22.292.
	 Executed 5 tests, with 0 failures (0 unexpected) in 0.010 (0.011) seconds
Test Suite 'CalendarCollisionTests' started at 2026-09-08 18:30:22.293.
Test Case '-[GoalflowMacTests.CalendarCollisionTests test_mock_collision_overlap]' started.
Test Case '-[GoalflowMacTests.CalendarCollisionTests test_mock_collision_overlap]' passed (0.002 seconds).
Test Case '-[GoalflowMacTests.CalendarCollisionTests test_month_precision_returns_nil]' started.
Test Case '-[GoalflowMacTests.CalendarCollisionTests test_month_precision_returns_nil]' passed (0.004 seconds).
Test Case '-[GoalflowMacTests.CalendarCollisionTests test_no_collision_when_no_time_match]' started.
Test Case '-[GoalflowMacTests.CalendarCollisionTests test_no_collision_when_no_time_match]' passed (0.007 seconds).
Test Case '-[GoalflowMacTests.CalendarCollisionTests test_no_scheduledTime_returns_nil]' started.
Test Case '-[GoalflowMacTests.CalendarCollisionTests test_no_scheduledTime_returns_nil]' passed (0.007 seconds).
Test Case '-[GoalflowMacTests.CalendarCollisionTests test_request_access_mock_returns]' started.
Test Case '-[GoalflowMacTests.CalendarCollisionTests test_request_access_mock_returns]' passed (0.001 seconds).
Test Case '-[GoalflowMacTests.CalendarCollisionTests test_task_interval_computation]' started.
Test Case '-[GoalflowMacTests.CalendarCollisionTests test_task_interval_computation]' passed (0.001 seconds).
Test Suite 'CalendarCollisionTests' passed at 2026-09-08 18:30:22.316.
	 Executed 6 tests, with 0 failures (0 unexpected) in 0.021 (0.023) seconds
Test Suite 'CaptureParserTests' started at 2026-09-08 18:30:22.316.
Test Case '-[GoalflowMacTests.CaptureParserTests test_cleanTitle_collapse]' started.
Test Case '-[GoalflowMacTests.CaptureParserTests test_cleanTitle_collapse]' passed (0.001 seconds).
Test Case '-[GoalflowMacTests.CaptureParserTests test_date_day]' started.
Test Case '-[GoalflowMacTests.CaptureParserTests test_date_day]' passed (0.001 seconds).
Test Case '-[GoalflowMacTests.CaptureParserTests test_date_month_current_not_assigned]' started.
Test Case '-[GoalflowMacTests.CaptureParserTests test_date_month_current_not_assigned]' passed (0.001 seconds).
Test Case '-[GoalflowMacTests.CaptureParserTests test_date_month_future]' started.
Test Case '-[GoalflowMacTests.CaptureParserTests test_date_month_future]' passed (0.001 seconds).
Test Case '-[GoalflowMacTests.CaptureParserTests test_duration_h_combo]' started.
Test Case '-[GoalflowMacTests.CaptureParserTests test_duration_h_combo]' passed (0.001 seconds).
Test Case '-[GoalflowMacTests.CaptureParserTests test_duration_m]' started.
Test Case '-[GoalflowMacTests.CaptureParserTests test_duration_m]' passed (0.001 seconds).
Test Case '-[GoalflowMacTests.CaptureParserTests test_duration_natural_language]' started.
Test Case '-[GoalflowMacTests.CaptureParserTests test_duration_natural_language]' passed (0.001 seconds).
Test Case '-[GoalflowMacTests.CaptureParserTests test_frog_and_quickie]' started.
Test Case '-[GoalflowMacTests.CaptureParserTests test_frog_and_quickie]' passed (0.003 seconds).
Test Case '-[GoalflowMacTests.CaptureParserTests test_hashtag_extraction]' started.
Test Case '-[GoalflowMacTests.CaptureParserTests test_hashtag_extraction]' passed (0.001 seconds).
Test Case '-[GoalflowMacTests.CaptureParserTests test_month_with_time_drops_time]' started.
Test Case '-[GoalflowMacTests.CaptureParserTests test_month_with_time_drops_time]' passed (0.001 seconds).
Test Case '-[GoalflowMacTests.CaptureParserTests test_scheduledTime]' started.
Test Case '-[GoalflowMacTests.CaptureParserTests test_scheduledTime]' passed (0.001 seconds).
Test Case '-[GoalflowMacTests.CaptureParserTests test_title_empty_results_in_empty_clean]' started.
Test Case '-[GoalflowMacTests.CaptureParserTests test_title_empty_results_in_empty_clean]' passed (0.001 seconds).
Test Case '-[GoalflowMacTests.CaptureParserTests test_url_extraction]' started.
Test Case '-[GoalflowMacTests.CaptureParserTests test_url_extraction]' passed (0.001 seconds).
Test Suite 'CaptureParserTests' passed at 2026-09-08 18:30:22.340.
	 Executed 13 tests, with 0 failures (0 unexpected) in 0.017 (0.024) seconds
Test Suite 'CaptureServiceTests' started at 2026-09-08 18:30:22.341.
Test Case '-[GoalflowMacTests.CaptureServiceTests test_add_persists_before_next_and_no_resurrection]' started.
Test Case '-[GoalflowMacTests.CaptureServiceTests test_add_persists_before_next_and_no_resurrection]' passed (0.010 seconds).
Test Case '-[GoalflowMacTests.CaptureServiceTests test_month_future_and_time_validation]' started.
Test Case '-[GoalflowMacTests.CaptureServiceTests test_month_future_and_time_validation]' passed (0.008 seconds).
Test Case '-[GoalflowMacTests.CaptureServiceTests test_no_unscheduled_rejects_empty_title]' started.
Test Case '-[GoalflowMacTests.CaptureServiceTests test_no_unscheduled_rejects_empty_title]' passed (0.002 seconds).
Test Case '-[GoalflowMacTests.CaptureServiceTests test_plannedOrder_tail]' started.
Test Case '-[GoalflowMacTests.CaptureServiceTests test_plannedOrder_tail]' passed (0.021 seconds).
Test Case '-[GoalflowMacTests.CaptureServiceTests test_scheduledTime_only_with_day]' started.
Test Case '-[GoalflowMacTests.CaptureServiceTests test_scheduledTime_only_with_day]' passed (0.007 seconds).
Test Case '-[GoalflowMacTests.CaptureServiceTests test_url_captured_to_notes_and_tags_preserved]' started.
Test Case '-[GoalflowMacTests.CaptureServiceTests test_url_captured_to_notes_and_tags_preserved]' passed (0.007 seconds).
Test Suite 'CaptureServiceTests' passed at 2026-09-08 18:30:22.397.
	 Executed 6 tests, with 0 failures (0 unexpected) in 0.055 (0.056) seconds
Test Suite 'CaptureViewModelTests' started at 2026-09-08 18:30:22.397.
Test Case '-[GoalflowMacTests.CaptureViewModelTests test_create_add_via_picker]' started.
Test Case '-[GoalflowMacTests.CaptureViewModelTests test_create_add_via_picker]' passed (0.010 seconds).
Test Case '-[GoalflowMacTests.CaptureViewModelTests test_empty_title_fails]' started.
Test Case '-[GoalflowMacTests.CaptureViewModelTests test_empty_title_fails]' passed (0.003 seconds).
Test Case '-[GoalflowMacTests.CaptureViewModelTests test_month_future_via_picker]' started.
Test Case '-[GoalflowMacTests.CaptureViewModelTests test_month_future_via_picker]' passed (0.011 seconds).
Test Case '-[GoalflowMacTests.CaptureViewModelTests test_needsDate_factory_default]' started.
Test Case '-[GoalflowMacTests.CaptureViewModelTests test_needsDate_factory_default]' passed (0.003 seconds).
Test Case '-[GoalflowMacTests.CaptureViewModelTests test_notes_toggle_and_url]' started.
Test Case '-[GoalflowMacTests.CaptureViewModelTests test_notes_toggle_and_url]' passed (0.011 seconds).
Test Case '-[GoalflowMacTests.CaptureViewModelTests test_privacy_blank]' started.
Test Case '-[GoalflowMacTests.CaptureViewModelTests test_privacy_blank]' passed (0.002 seconds).
Test Case '-[GoalflowMacTests.CaptureViewModelTests test_with_parsed_date_canSubmit]' started.
Test Case '-[GoalflowMacTests.CaptureViewModelTests test_with_parsed_date_canSubmit]' passed (0.002 seconds).
Test Case '-[GoalflowMacTests.CaptureViewModelTests testCapturePanelCanReceiveKeyboardFocus]' started.
Test Case '-[GoalflowMacTests.CaptureViewModelTests testCapturePanelCanReceiveKeyboardFocus]' passed (0.006 seconds).
Test Case '-[GoalflowMacTests.CaptureViewModelTests testCommandReturnFocusesNotesEditor]' started.
Test Case '-[GoalflowMacTests.CaptureViewModelTests testCommandReturnFocusesNotesEditor]' passed (0.574 seconds).
Test Case '-[GoalflowMacTests.CaptureViewModelTests testConfirmedPickerDateSurvivesClosingPicker]' started.
Test Case '-[GoalflowMacTests.CaptureViewModelTests testConfirmedPickerDateSurvivesClosingPicker]' passed (0.017 seconds).
Test Suite 'CaptureViewModelTests' passed at 2026-09-08 18:30:23.039.
	 Executed 10 tests, with 0 failures (0 unexpected) in 0.639 (0.642) seconds
Test Suite 'CausalFocusTests' started at 2026-09-08 18:30:23.040.
Test Case '-[GoalflowMacTests.CausalFocusTests testInvalidBaselineRemainsInspectable]' started.
Test Case '-[GoalflowMacTests.CausalFocusTests testInvalidBaselineRemainsInspectable]' passed (0.004 seconds).
Test Case '-[GoalflowMacTests.CausalFocusTests testSharedCausalFocusFixtures]' started.
Test Case '-[GoalflowMacTests.CausalFocusTests testSharedCausalFocusFixtures]' passed (0.052 seconds).
Test Suite 'CausalFocusTests' passed at 2026-09-08 18:30:23.096.
	 Executed 2 tests, with 0 failures (0 unexpected) in 0.056 (0.057) seconds
Test Suite 'ChaosTests' started at 2026-09-08 18:30:23.097.
Test Case '-[GoalflowMacTests.ChaosTests test_chaos_20_sequences]' started.
Test Case '-[GoalflowMacTests.ChaosTests test_chaos_20_sequences]' passed (0.004 seconds).
Test Suite 'ChaosTests' passed at 2026-09-08 18:30:23.101.
	 Executed 1 test, with 0 failures (0 unexpected) in 0.004 (0.005) seconds
Test Suite 'CompletionHoldTests' started at 2026-09-08 18:30:23.101.
Test Case '-[GoalflowMacTests.CompletionHoldTests test_frog_requires_3s]' started.
Test Case '-[GoalflowMacTests.CompletionHoldTests test_frog_requires_3s]' passed (0.001 seconds).
Test Case '-[GoalflowMacTests.CompletionHoldTests test_hold_cancel_before_threshold]' started.
Test Case '-[GoalflowMacTests.CompletionHoldTests test_hold_cancel_before_threshold]' passed (0.001 seconds).
Test Case '-[GoalflowMacTests.CompletionHoldTests test_hold_progress_and_completion]' started.
Test Case '-[GoalflowMacTests.CompletionHoldTests test_hold_progress_and_completion]' passed (0.001 seconds).
Test Case '-[GoalflowMacTests.CompletionHoldTests test_ordinary_1s_frog_3s]' started.
Test Case '-[GoalflowMacTests.CompletionHoldTests test_ordinary_1s_frog_3s]' passed (0.001 seconds).
Test Suite 'CompletionHoldTests' passed at 2026-09-08 18:30:23.105.
	 Executed 4 tests, with 0 failures (0 unexpected) in 0.003 (0.004) seconds
Test Suite 'CounterLedgerTests' started at 2026-09-08 18:30:23.105.
Test Case '-[GoalflowMacTests.CounterLedgerTests testSharedCounterFixturesInEitherOrder]' started.
Test Case '-[GoalflowMacTests.CounterLedgerTests testSharedCounterFixturesInEitherOrder]' passed (0.029 seconds).
Test Suite 'CounterLedgerTests' passed at 2026-09-08 18:30:23.135.
	 Executed 1 test, with 0 failures (0 unexpected) in 0.029 (0.029) seconds
Test Suite 'EmailOtpAuthTests' started at 2026-09-08 18:30:23.135.
Test Case '-[GoalflowMacTests.EmailOtpAuthTests test_captcha_policy_requires_an_explicit_server_boolean]' started.
Test Case '-[GoalflowMacTests.EmailOtpAuthTests test_captcha_policy_requires_an_explicit_server_boolean]' passed (0.007 seconds).
Test Case '-[GoalflowMacTests.EmailOtpAuthTests test_cross_user_telegram_link_callback_preserves_original_session]' started.
Test Case '-[GoalflowMacTests.EmailOtpAuthTests test_cross_user_telegram_link_callback_preserves_original_session]' passed (0.004 seconds).
Test Case '-[GoalflowMacTests.EmailOtpAuthTests test_email_preflight_with_no_captcha_defers_to_server_policy]' started.
Test Case '-[GoalflowMacTests.EmailOtpAuthTests test_email_preflight_with_no_captcha_defers_to_server_policy]' passed (0.001 seconds).
Test Case '-[GoalflowMacTests.EmailOtpAuthTests test_lost_activation_ack_retries_without_reusing_email_code]' started.
Test Case '-[GoalflowMacTests.EmailOtpAuthTests test_lost_activation_ack_retries_without_reusing_email_code]' passed (0.026 seconds).
Test Case '-[GoalflowMacTests.EmailOtpAuthTests test_lost_telegram_activation_ack_resumes_without_reusing_pkce_code]' started.
Test Case '-[GoalflowMacTests.EmailOtpAuthTests test_lost_telegram_activation_ack_resumes_without_reusing_pkce_code]' passed (0.004 seconds).
Test Case '-[GoalflowMacTests.EmailOtpAuthTests test_mfa_required_response_does_not_erase_valid_session]' started.
Test Case '-[GoalflowMacTests.EmailOtpAuthTests test_mfa_required_response_does_not_erase_valid_session]' passed (0.001 seconds).
Test Case '-[GoalflowMacTests.EmailOtpAuthTests test_missing_captcha_server_rejection_does_not_create_pending_authority]' started.
Test Case '-[GoalflowMacTests.EmailOtpAuthTests test_missing_captcha_server_rejection_does_not_create_pending_authority]' passed (0.001 seconds).
Test Case '-[GoalflowMacTests.EmailOtpAuthTests test_preexisting_session_never_bypasses_typed_email_code_verification]' started.
Test Case '-[GoalflowMacTests.EmailOtpAuthTests test_preexisting_session_never_bypasses_typed_email_code_verification]' passed (0.003 seconds).
Test Case '-[GoalflowMacTests.EmailOtpAuthTests test_sync_mfa_response_preserves_session_and_can_resume]' started.
Test Case '-[GoalflowMacTests.EmailOtpAuthTests test_sync_mfa_response_preserves_session_and_can_resume]' passed (0.002 seconds).
Test Case '-[GoalflowMacTests.EmailOtpAuthTests test_sync_other_authorization_errors_still_clear_session]' started.
Test Case '-[GoalflowMacTests.EmailOtpAuthTests test_sync_other_authorization_errors_still_clear_session]' passed (0.002 seconds).
Test Case '-[GoalflowMacTests.EmailOtpAuthTests test_telegram_activation_is_bound_and_verified_before_session_becomes_usable]' started.
Test Case '-[GoalflowMacTests.EmailOtpAuthTests test_telegram_activation_is_bound_and_verified_before_session_becomes_usable]' passed (0.002 seconds).
Test Case '-[GoalflowMacTests.EmailOtpAuthTests test_telegram_link_authorization_is_authenticated_and_user_bound]' started.
Test Case '-[GoalflowMacTests.EmailOtpAuthTests test_telegram_link_authorization_is_authenticated_and_user_bound]' passed (0.002 seconds).
Test Case '-[GoalflowMacTests.EmailOtpAuthTests test_telegram_sign_in_uses_supabase_pkce_without_legacy_widget_parameters]' started.
Test Case '-[GoalflowMacTests.EmailOtpAuthTests test_telegram_sign_in_uses_supabase_pkce_without_legacy_widget_parameters]' passed (0.001 seconds).
Test Case '-[GoalflowMacTests.EmailOtpAuthTests test_typed_code_activates_before_keychain_session_becomes_usable]' started.
Test Case '-[GoalflowMacTests.EmailOtpAuthTests test_typed_code_activates_before_keychain_session_becomes_usable]' passed (0.002 seconds).
Test Suite 'EmailOtpAuthTests' passed at 2026-09-08 18:30:23.196.
	 Executed 14 tests, with 0 failures (0 unexpected) in 0.058 (0.062) seconds
Test Suite 'ExecutionStatePauseTests' started at 2026-09-08 18:30:23.196.
Test Case '-[GoalflowMacTests.ExecutionStatePauseTests test_clock_skew_clamped]' started.
Test Case '-[GoalflowMacTests.ExecutionStatePauseTests test_clock_skew_clamped]' passed (0.001 seconds).
Test Case '-[GoalflowMacTests.ExecutionStatePauseTests test_extend_caps_1440]' started.
Test Case '-[GoalflowMacTests.ExecutionStatePauseTests test_extend_caps_1440]' passed (0.001 seconds).
Test Case '-[GoalflowMacTests.ExecutionStatePauseTests test_extend_increases_planned]' started.
Test Case '-[GoalflowMacTests.ExecutionStatePauseTests test_extend_increases_planned]' passed (0.001 seconds).
Test Case '-[GoalflowMacTests.ExecutionStatePauseTests test_extend_while_paused_stays_paused]' started.
Test Case '-[GoalflowMacTests.ExecutionStatePauseTests test_extend_while_paused_stays_paused]' passed (0.001 seconds).
Test Case '-[GoalflowMacTests.ExecutionStatePauseTests test_overtime_counts_separately]' started.
Test Case '-[GoalflowMacTests.ExecutionStatePauseTests test_overtime_counts_separately]' passed (0.001 seconds).
Test Case '-[GoalflowMacTests.ExecutionStatePauseTests test_pause_freezes_remaining]' started.
Test Case '-[GoalflowMacTests.ExecutionStatePauseTests test_pause_freezes_remaining]' passed (0.001 seconds).
Test Case '-[GoalflowMacTests.ExecutionStatePauseTests test_pause_idempotent_guard]' started.
Test Case '-[GoalflowMacTests.ExecutionStatePauseTests test_pause_idempotent_guard]' passed (0.001 seconds).
Test Case '-[GoalflowMacTests.ExecutionStatePauseTests test_pause_resume_10_cycles_additive]' started.
Test Case '-[GoalflowMacTests.ExecutionStatePauseTests test_pause_resume_10_cycles_additive]' passed (0.001 seconds).
Test Case '-[GoalflowMacTests.ExecutionStatePauseTests test_resume_adds_pause_interval]' started.
Test Case '-[GoalflowMacTests.ExecutionStatePauseTests test_resume_adds_pause_interval]' passed (0.000 seconds).
Test Suite 'ExecutionStatePauseTests' passed at 2026-09-08 18:30:23.204.
	 Executed 9 tests, with 0 failures (0 unexpected) in 0.006 (0.008) seconds
Test Suite 'ExecutionStateTests' started at 2026-09-08 18:30:23.204.
Test Case '-[GoalflowMacTests.ExecutionStateTests test_action_creates_active]' started.
Test Case '-[GoalflowMacTests.ExecutionStateTests test_action_creates_active]' passed (0.001 seconds).
Test Case '-[GoalflowMacTests.ExecutionStateTests test_idle_returns_planned]' started.
Test Case '-[GoalflowMacTests.ExecutionStateTests test_idle_returns_planned]' passed (0.001 seconds).
Test Case '-[GoalflowMacTests.ExecutionStateTests test_legacy_active_migration_shifts_pause_accumulator_without_double_count]' started.
Test Case '-[GoalflowMacTests.ExecutionStateTests test_legacy_active_migration_shifts_pause_accumulator_without_double_count]' passed (0.001 seconds).
Test Case '-[GoalflowMacTests.ExecutionStateTests test_legacy_paused_migration_preserves_original_pause_and_elapsed]' started.
Test Case '-[GoalflowMacTests.ExecutionStateTests test_legacy_paused_migration_preserves_original_pause_and_elapsed]' passed (0.001 seconds).
Test Case '-[GoalflowMacTests.ExecutionStateTests test_monotonic_derivation_not_decrement]' started.
Test Case '-[GoalflowMacTests.ExecutionStateTests test_monotonic_derivation_not_decrement]' passed (0.004 seconds).
Test Case '-[GoalflowMacTests.ExecutionStateTests test_relaunch_recovery]' started.
Test Case '-[GoalflowMacTests.ExecutionStateTests test_relaunch_recovery]' passed (0.001 seconds).
Test Case '-[GoalflowMacTests.ExecutionStateTests test_remaining_init_full]' started.
Test Case '-[GoalflowMacTests.ExecutionStateTests test_remaining_init_full]' passed (0.001 seconds).
Test Case '-[GoalflowMacTests.ExecutionStateTests test_shared_active_record_reanchor_preserves_elapsed_once]' started.
Test Case '-[GoalflowMacTests.ExecutionStateTests test_shared_active_record_reanchor_preserves_elapsed_once]' passed (0.001 seconds).
Test Case '-[GoalflowMacTests.ExecutionStateTests test_shared_paused_record_retains_owner_pause_elapsed]' started.
Test Case '-[GoalflowMacTests.ExecutionStateTests test_shared_paused_record_retains_owner_pause_elapsed]' passed (0.001 seconds).
Test Suite 'ExecutionStateTests' passed at 2026-09-08 18:30:23.215.
	 Executed 9 tests, with 0 failures (0 unexpected) in 0.009 (0.011) seconds
Test Suite 'ExecutionTimerTests' started at 2026-09-08 18:30:23.217.
Test Case '-[GoalflowMacTests.ExecutionTimerTests test_relaunch_within_1s_tolerance]' started.
Test Case '-[GoalflowMacTests.ExecutionTimerTests test_relaunch_within_1s_tolerance]' passed (0.001 seconds).
Test Case '-[GoalflowMacTests.ExecutionTimerTests test_timer_derives_from_reference]' started.
Test Case '-[GoalflowMacTests.ExecutionTimerTests test_timer_derives_from_reference]' passed (0.001 seconds).
Test Suite 'ExecutionTimerTests' passed at 2026-09-08 18:30:23.219.
	 Executed 2 tests, with 0 failures (0 unexpected) in 0.001 (0.002) seconds
Test Suite 'FileFocusSessionStoreTests' started at 2026-09-08 18:30:23.219.
Test Case '-[GoalflowMacTests.FileFocusSessionStoreTests test_composite_double_write]' started.
Test Case '-[GoalflowMacTests.FileFocusSessionStoreTests test_composite_double_write]' passed (0.004 seconds).
Test Case '-[GoalflowMacTests.FileFocusSessionStoreTests test_composite_migrates_from_wal]' started.
Test Case '-[GoalflowMacTests.FileFocusSessionStoreTests test_composite_migrates_from_wal]' passed (0.003 seconds).
Test Case '-[GoalflowMacTests.FileFocusSessionStoreTests test_composite_repairs_corrupt_file_from_valid_mirror]' started.
Test Case '-[GoalflowMacTests.FileFocusSessionStoreTests test_composite_repairs_corrupt_file_from_valid_mirror]' passed (0.004 seconds).
Test Case '-[GoalflowMacTests.FileFocusSessionStoreTests test_composite_surfaces_two_corrupt_replicas]' started.
Test Case '-[GoalflowMacTests.FileFocusSessionStoreTests test_composite_surfaces_two_corrupt_replicas]' passed (0.004 seconds).
Test Case '-[GoalflowMacTests.FileFocusSessionStoreTests test_file_persists_and_recovers]' started.
Test Case '-[GoalflowMacTests.FileFocusSessionStoreTests test_file_persists_and_recovers]' passed (0.002 seconds).
Test Suite 'FileFocusSessionStoreTests' passed at 2026-09-08 18:30:23.238.
	 Executed 5 tests, with 0 failures (0 unexpected) in 0.017 (0.019) seconds
Test Suite 'FlowStateTests' started at 2026-09-08 18:30:23.238.
Test Case '-[GoalflowMacTests.FlowStateTests test_corrupt_extra_json_blocks_completion_without_changing_identity]' started.
Test Case '-[GoalflowMacTests.FlowStateTests test_corrupt_extra_json_blocks_completion_without_changing_identity]' passed (0.001 seconds).
Test Case '-[GoalflowMacTests.FlowStateTests test_flowState_allCases]' started.
Test Case '-[GoalflowMacTests.FlowStateTests test_flowState_allCases]' passed (0.001 seconds).
Test Case '-[GoalflowMacTests.FlowStateTests test_withCompleted_preserves_extraJson]' started.
Test Case '-[GoalflowMacTests.FlowStateTests test_withCompleted_preserves_extraJson]' passed (0.001 seconds).
Test Case '-[GoalflowMacTests.FlowStateTests test_withFlowState_merges]' started.
Test Case '-[GoalflowMacTests.FlowStateTests test_withFlowState_merges]' passed (0.001 seconds).
Test Suite 'FlowStateTests' passed at 2026-09-08 18:30:23.243.
	 Executed 4 tests, with 0 failures (0 unexpected) in 0.003 (0.004) seconds
Test Suite 'FocusSessionStoreTests' started at 2026-09-08 18:30:23.243.
Test Case '-[GoalflowMacTests.FocusSessionStoreTests test_clear_idempotent]' started.
Test Case '-[GoalflowMacTests.FocusSessionStoreTests test_clear_idempotent]' passed (0.002 seconds).
Test Case '-[GoalflowMacTests.FocusSessionStoreTests test_overwrite_updates]' started.
Test Case '-[GoalflowMacTests.FocusSessionStoreTests test_overwrite_updates]' passed (0.003 seconds).
Test Case '-[GoalflowMacTests.FocusSessionStoreTests test_persists_and_recovers]' started.
Test Case '-[GoalflowMacTests.FocusSessionStoreTests test_persists_and_recovers]' passed (0.003 seconds).
Test Suite 'FocusSessionStoreTests' passed at 2026-09-08 18:30:23.252.
	 Executed 3 tests, with 0 failures (0 unexpected) in 0.008 (0.009) seconds
Test Suite 'HardeningTests' started at 2026-09-08 18:30:23.252.
Test Case '-[GoalflowMacTests.HardeningTests test_a11y_labels_exist]' started.
Test Case '-[GoalflowMacTests.HardeningTests test_a11y_labels_exist]' passed (0.008 seconds).
Test Case '-[GoalflowMacTests.HardeningTests test_access_token_claim_parser_preserves_durable_identity]' started.
Test Case '-[GoalflowMacTests.HardeningTests test_access_token_claim_parser_preserves_durable_identity]' passed (0.001 seconds).
Test Case '-[GoalflowMacTests.HardeningTests test_app_icon_exists]' started.
Test Case '-[GoalflowMacTests.HardeningTests test_app_icon_exists]' passed (0.005 seconds).
Test Case '-[GoalflowMacTests.HardeningTests test_auth_callback_requires_exact_custom_url]' started.
Test Case '-[GoalflowMacTests.HardeningTests test_auth_callback_requires_exact_custom_url]' passed (0.001 seconds).
Test Case '-[GoalflowMacTests.HardeningTests test_cloud_configuration_accepts_https_and_publishable_key]' started.
Test Case '-[GoalflowMacTests.HardeningTests test_cloud_configuration_accepts_https_and_publishable_key]' passed (0.001 seconds).
Test Case '-[GoalflowMacTests.HardeningTests test_cloud_configuration_allows_only_anon_legacy_jwt]' started.
Test Case '-[GoalflowMacTests.HardeningTests test_cloud_configuration_allows_only_anon_legacy_jwt]' passed (0.001 seconds).
Test Case '-[GoalflowMacTests.HardeningTests test_cloud_configuration_fails_closed_without_values]' started.
Test Case '-[GoalflowMacTests.HardeningTests test_cloud_configuration_fails_closed_without_values]' passed (0.001 seconds).
Test Case '-[GoalflowMacTests.HardeningTests test_cloud_configuration_rejects_server_secret_and_insecure_origin]' started.
Test Case '-[GoalflowMacTests.HardeningTests test_cloud_configuration_rejects_server_secret_and_insecure_origin]' passed (0.001 seconds).
Test Case '-[GoalflowMacTests.HardeningTests test_entitlements_file_exists_and_contains_keys]' started.
Test Case '-[GoalflowMacTests.HardeningTests test_entitlements_file_exists_and_contains_keys]' passed (0.001 seconds).
Test Case '-[GoalflowMacTests.HardeningTests test_pkce_challenge_matches_rfc7636_vector]' started.
Test Case '-[GoalflowMacTests.HardeningTests test_pkce_challenge_matches_rfc7636_vector]' passed (0.001 seconds).
Test Case '-[GoalflowMacTests.HardeningTests test_privacy_manifest_exists]' started.
Test Case '-[GoalflowMacTests.HardeningTests test_privacy_manifest_exists]' passed (0.001 seconds).
Test Case '-[GoalflowMacTests.HardeningTests test_store_bridge_all_shared_stores]' started.
Test Case '-[GoalflowMacTests.HardeningTests test_store_bridge_all_shared_stores]' passed (0.019 seconds).
Test Case '-[GoalflowMacTests.HardeningTests test_store_bridge_deletes_singleton_replica]' started.
Test Case '-[GoalflowMacTests.HardeningTests test_store_bridge_deletes_singleton_replica]' passed (0.011 seconds).
Test Case '-[GoalflowMacTests.HardeningTests test_store_bridge_normalizes_browser_task_shape_for_native_use]' started.
Test Case '-[GoalflowMacTests.HardeningTests test_store_bridge_normalizes_browser_task_shape_for_native_use]' passed (0.006 seconds).
Test Case '-[GoalflowMacTests.HardeningTests test_store_bridge_rejects_malformed_task_before_write]' started.
Test Case '-[GoalflowMacTests.HardeningTests test_store_bridge_rejects_malformed_task_before_write]' passed (0.002 seconds).
Test Case '-[GoalflowMacTests.HardeningTests test_su_feed_url_exists]' started.
Test Case '-[GoalflowMacTests.HardeningTests test_su_feed_url_exists]' passed (0.001 seconds).
Test Case '-[GoalflowMacTests.HardeningTests test_sync_does_not_retry_permanent_validation_status]' started.
Test Case '-[GoalflowMacTests.HardeningTests test_sync_does_not_retry_permanent_validation_status]' passed (0.004 seconds).
Test Case '-[GoalflowMacTests.HardeningTests test_sync_engine_lock_serializes]' started.
Test Case '-[GoalflowMacTests.HardeningTests test_sync_engine_lock_serializes]' passed (0.019 seconds).
Test Case '-[GoalflowMacTests.HardeningTests test_sync_rejects_fractional_pull_cursor_without_advancing]' started.
Test Case '-[GoalflowMacTests.HardeningTests test_sync_rejects_fractional_pull_cursor_without_advancing]' passed (0.004 seconds).
Test Case '-[GoalflowMacTests.HardeningTests test_sync_retries_timeout_without_changing_operation_identity]' started.
Test Case '-[GoalflowMacTests.HardeningTests test_sync_retries_timeout_without_changing_operation_identity]' passed (0.010 seconds).
Test Case '-[GoalflowMacTests.HardeningTests test_sync_retries_transient_status_with_capped_backoff]' started.
Test Case '-[GoalflowMacTests.HardeningTests test_sync_retries_transient_status_with_capped_backoff]' passed (0.009 seconds).
Test Case '-[GoalflowMacTests.HardeningTests test_timing_safe_state_comparison_requires_exact_bytes]' started.
Test Case '-[GoalflowMacTests.HardeningTests test_timing_safe_state_comparison_requires_exact_bytes]' passed (0.001 seconds).
Test Case '-[GoalflowMacTests.HardeningTests test_version_bump]' started.
Test Case '-[GoalflowMacTests.HardeningTests test_version_bump]' passed (0.001 seconds).
Test Suite 'HardeningTests' passed at 2026-09-08 18:30:23.364.
	 Executed 23 tests, with 0 failures (0 unexpected) in 0.106 (0.112) seconds
Test Suite 'HostedCrossClientSyncTests' started at 2026-09-08 18:30:23.364.
Test Case '-[GoalflowMacTests.HostedCrossClientSyncTests testProductionTransportEditsAndroidRecord]' started.
/Users/schober/Projects/TSurfing/macos-native/GoalflowMacTests/SyncTests.swift:1185: -[GoalflowMacTests.HostedCrossClientSyncTests testProductionTransportEditsAndroidRecord] : Test skipped - The live transport proof runs only inside the explicit staging cross-client gate.
Test Case '-[GoalflowMacTests.HostedCrossClientSyncTests testProductionTransportEditsAndroidRecord]' skipped (0.002 seconds).
Test Suite 'HostedCrossClientSyncTests' passed at 2026-09-08 18:30:23.366.
	 Executed 1 test, with 1 test skipped and 0 failures (0 unexpected) in 0.002 (0.002) seconds
Test Suite 'LocalBreakdownTests' started at 2026-09-08 18:30:23.366.
Test Case '-[GoalflowMacTests.LocalBreakdownTests test_breakdown_closes_parent_and_creates_children]' started.
Test Case '-[GoalflowMacTests.LocalBreakdownTests test_breakdown_closes_parent_and_creates_children]' passed (0.014 seconds).
Test Case '-[GoalflowMacTests.LocalBreakdownTests test_breakdown_fails_empty]' started.
Test Case '-[GoalflowMacTests.LocalBreakdownTests test_breakdown_fails_empty]' passed (0.007 seconds).
Test Case '-[GoalflowMacTests.LocalBreakdownTests test_breakdown_fails_too_many]' started.
Test Case '-[GoalflowMacTests.LocalBreakdownTests test_breakdown_fails_too_many]' passed (0.006 seconds).
Test Case '-[GoalflowMacTests.LocalBreakdownTests test_breakdown_parent_not_open_fails]' started.
Test Case '-[GoalflowMacTests.LocalBreakdownTests test_breakdown_parent_not_open_fails]' passed (0.007 seconds).
Test Case '-[GoalflowMacTests.LocalBreakdownTests test_breakdown_preserves_plan_when_matching]' started.
Test Case '-[GoalflowMacTests.LocalBreakdownTests test_breakdown_preserves_plan_when_matching]' passed (0.025 seconds).
Test Case '-[GoalflowMacTests.LocalBreakdownTests test_suggest_stub_returns_empty]' started.
2026-09-08 18:30:23.429522+0100 Tsurfing[43305:4211893] [NSCGS] Ignoring request to entangle context after pre-commit
2026-09-08 18:30:23.429834+0100 Tsurfing[43305:4211893] [NSCGS] Ignoring request to entangle context after pre-commit
2026-09-08 18:30:23.429843+0100 Tsurfing[43305:4211893] [NSCGS] Ignoring request to entangle context after pre-commit
2026-09-08 18:30:23.429894+0100 Tsurfing[43305:4211893] [NSCGS] Entangling fence requested after pre-commit
2026-09-08 18:30:23.433953+0100 Tsurfing[43305:4211893] [API] cannot add handler to 2 from 2 - dropping
2026-09-08 18:30:23.434988+0100 Tsurfing[43305:4211893] [NSCGS] Warning: Invalid attempt to open a new transaction during CA commit. This is likely to break AppKit transactional behavior. Break on NSCGSTransactionCreatedDuringCommitError to debug.
Test Case '-[GoalflowMacTests.LocalBreakdownTests test_suggest_stub_returns_empty]' passed (0.040 seconds).
Test Suite 'LocalBreakdownTests' passed at 2026-09-08 18:30:23.466.
	 Executed 6 tests, with 0 failures (0 unexpected) in 0.098 (0.100) seconds
Test Suite 'MonotonicClockTests' started at 2026-09-08 18:30:23.466.
Test Case '-[GoalflowMacTests.MonotonicClockTests test_wall_vs_monotonic_2h_within_2s]' started.
Test Case '-[GoalflowMacTests.MonotonicClockTests test_wall_vs_monotonic_2h_within_2s]' passed (0.001 seconds).
Test Suite 'MonotonicClockTests' passed at 2026-09-08 18:30:23.467.
	 Executed 1 test, with 0 failures (0 unexpected) in 0.001 (0.001) seconds
Test Suite 'NaturalCaptureScheduleTests' started at 2026-09-08 18:30:23.467.
Test Case '-[GoalflowMacTests.NaturalCaptureScheduleTests testCalendarPhrases]' started.
Test Case '-[GoalflowMacTests.NaturalCaptureScheduleTests testCalendarPhrases]' passed (0.008 seconds).
Test Case '-[GoalflowMacTests.NaturalCaptureScheduleTests testOrdinaryWordsRemainTitleText]' started.
Test Case '-[GoalflowMacTests.NaturalCaptureScheduleTests testOrdinaryWordsRemainTitleText]' passed (0.003 seconds).
Test Suite 'NaturalCaptureScheduleTests' passed at 2026-09-08 18:30:23.480.
	 Executed 2 tests, with 0 failures (0 unexpected) in 0.012 (0.012) seconds
Test Suite 'PlanningGateTests' started at 2026-09-08 18:30:23.480.
Test Case '-[GoalflowMacTests.PlanningGateTests test_confirmed_day_accepts_changed_order_and_new_tasks]' started.
Test Case '-[GoalflowMacTests.PlanningGateTests test_confirmed_day_accepts_changed_order_and_new_tasks]' passed (0.001 seconds).
Test Case '-[GoalflowMacTests.PlanningGateTests test_empty_when_no_tasks]' started.
Test Case '-[GoalflowMacTests.PlanningGateTests test_empty_when_no_tasks]' passed (0.001 seconds).
Test Case '-[GoalflowMacTests.PlanningGateTests test_month_future_not_blocking]' started.
Test Case '-[GoalflowMacTests.PlanningGateTests test_month_future_not_blocking]' passed (0.001 seconds).
Test Case '-[GoalflowMacTests.PlanningGateTests test_monthly_required_blocks]' started.
Test Case '-[GoalflowMacTests.PlanningGateTests test_monthly_required_blocks]' passed (0.001 seconds).
Test Case '-[GoalflowMacTests.PlanningGateTests test_overdue_triggers_daily_required]' started.
Test Case '-[GoalflowMacTests.PlanningGateTests test_overdue_triggers_daily_required]' passed (0.001 seconds).
Test Case '-[GoalflowMacTests.PlanningGateTests test_queue_without_plan_requires_daily]' started.
Test Case '-[GoalflowMacTests.PlanningGateTests test_queue_without_plan_requires_daily]' passed (0.001 seconds).
Test Case '-[GoalflowMacTests.PlanningGateTests test_ready_ignores_completed]' started.
Test Case '-[GoalflowMacTests.PlanningGateTests test_ready_ignores_completed]' passed (0.001 seconds).
Test Case '-[GoalflowMacTests.PlanningGateTests test_ready_when_plan_matches]' started.
Test Case '-[GoalflowMacTests.PlanningGateTests test_ready_when_plan_matches]' passed (0.001 seconds).
Test Case '-[GoalflowMacTests.PlanningGateTests testInvalidNumericPlanConfirmationsAreRejected]' started.
Test Case '-[GoalflowMacTests.PlanningGateTests testInvalidNumericPlanConfirmationsAreRejected]' passed (0.001 seconds).
Test Case '-[GoalflowMacTests.PlanningGateTests testNativeDailyPlanIsoConfirmationStillDecodes]' started.
Test Case '-[GoalflowMacTests.PlanningGateTests testNativeDailyPlanIsoConfirmationStillDecodes]' passed (0.001 seconds).
Test Case '-[GoalflowMacTests.PlanningGateTests testWebDailyPlanMillisecondsAreAcceptedWithoutRewritingWireData]' started.
Test Case '-[GoalflowMacTests.PlanningGateTests testWebDailyPlanMillisecondsAreAcceptedWithoutRewritingWireData]' passed (0.001 seconds).
Test Suite 'PlanningGateTests' passed at 2026-09-08 18:30:23.493.
	 Executed 11 tests, with 0 failures (0 unexpected) in 0.010 (0.013) seconds
Test Suite 'ReadyOutboxTests' started at 2026-09-08 18:30:23.493.
Test Case '-[GoalflowMacTests.ReadyOutboxTests test_dependency_gate]' started.
Test Case '-[GoalflowMacTests.ReadyOutboxTests test_dependency_gate]' passed (0.001 seconds).
Test Case '-[GoalflowMacTests.ReadyOutboxTests test_one_per_entity]' started.
Test Case '-[GoalflowMacTests.ReadyOutboxTests test_one_per_entity]' passed (0.001 seconds).
Test Case '-[GoalflowMacTests.ReadyOutboxTests test_sort_version_then_id]' started.
Test Case '-[GoalflowMacTests.ReadyOutboxTests test_sort_version_then_id]' passed (0.001 seconds).
Test Suite 'ReadyOutboxTests' passed at 2026-09-08 18:30:23.496.
	 Executed 3 tests, with 0 failures (0 unexpected) in 0.002 (0.003) seconds
Test Suite 'RealtimeWakeupTests' started at 2026-09-08 18:30:23.496.
Test Case '-[GoalflowMacTests.RealtimeWakeupTests test_adapter_catches_up_on_join_and_wakeup_then_rotates_token_without_broadcast]' started.
Test Case '-[GoalflowMacTests.RealtimeWakeupTests test_adapter_catches_up_on_join_and_wakeup_then_rotates_token_without_broadcast]' passed (0.002 seconds).
Test Case '-[GoalflowMacTests.RealtimeWakeupTests test_codec_accepts_only_exact_topic_and_wakeup_event]' started.
Test Case '-[GoalflowMacTests.RealtimeWakeupTests test_codec_accepts_only_exact_topic_and_wakeup_event]' passed (0.001 seconds).
Test Case '-[GoalflowMacTests.RealtimeWakeupTests test_endpoint_backoff_heartbeat_and_foreground_fallback_are_bounded]' started.
Test Case '-[GoalflowMacTests.RealtimeWakeupTests test_endpoint_backoff_heartbeat_and_foreground_fallback_are_bounded]' passed (0.001 seconds).
Test Case '-[GoalflowMacTests.RealtimeWakeupTests test_private_join_is_bound_to_immutable_uuid_and_has_no_write_subscription]' started.
Test Case '-[GoalflowMacTests.RealtimeWakeupTests test_private_join_is_bound_to_immutable_uuid_and_has_no_write_subscription]' passed (0.001 seconds).
Test Case '-[GoalflowMacTests.RealtimeWakeupTests test_token_refreshed_during_join_is_applied_before_first_catchup]' started.
Test Case '-[GoalflowMacTests.RealtimeWakeupTests test_token_refreshed_during_join_is_applied_before_first_catchup]' passed (0.001 seconds).
Test Suite 'RealtimeWakeupTests' passed at 2026-09-08 18:30:23.503.
	 Executed 5 tests, with 0 failures (0 unexpected) in 0.005 (0.007) seconds
Test Suite 'RecordedClockAudioTests' started at 2026-09-08 18:30:23.503.
Test Case '-[GoalflowMacTests.RecordedClockAudioTests test_installed_bundle_contains_distinct_decodable_tick_and_tock]' started.
Test Case '-[GoalflowMacTests.RecordedClockAudioTests test_installed_bundle_contains_distinct_decodable_tick_and_tock]' passed (0.018 seconds).
Test Suite 'RecordedClockAudioTests' passed at 2026-09-08 18:30:23.522.
	 Executed 1 test, with 0 failures (0 unexpected) in 0.018 (0.018) seconds
Test Suite 'SchedulingBridgeTests' started at 2026-09-08 18:30:23.522.
Test Case '-[GoalflowMacTests.SchedulingBridgeTests test_assertSchedule_day_invalid]' started.
Test Case '-[GoalflowMacTests.SchedulingBridgeTests test_assertSchedule_day_invalid]' passed (0.001 seconds).
Test Case '-[GoalflowMacTests.SchedulingBridgeTests test_assertSchedule_day_valid]' started.
Test Case '-[GoalflowMacTests.SchedulingBridgeTests test_assertSchedule_day_valid]' passed (0.001 seconds).
Test Case '-[GoalflowMacTests.SchedulingBridgeTests test_assertSchedule_month_current_requires_day]' started.
Test Case '-[GoalflowMacTests.SchedulingBridgeTests test_assertSchedule_month_current_requires_day]' passed (0.001 seconds).
Test Case '-[GoalflowMacTests.SchedulingBridgeTests test_assertSchedule_month_future_valid]' started.
Test Case '-[GoalflowMacTests.SchedulingBridgeTests test_assertSchedule_month_future_valid]' passed (0.001 seconds).
Test Case '-[GoalflowMacTests.SchedulingBridgeTests test_assertSchedule_month_invalid_time]' started.
Test Case '-[GoalflowMacTests.SchedulingBridgeTests test_assertSchedule_month_invalid_time]' passed (0.001 seconds).
Test Case '-[GoalflowMacTests.SchedulingBridgeTests test_assertSchedule_time_format_invalid]' started.
Test Case '-[GoalflowMacTests.SchedulingBridgeTests test_assertSchedule_time_format_invalid]' passed (0.001 seconds).
Test Case '-[GoalflowMacTests.SchedulingBridgeTests test_isRealDay_andMonth]' started.
Test Case '-[GoalflowMacTests.SchedulingBridgeTests test_isRealDay_andMonth]' passed (0.001 seconds).
Test Suite 'SchedulingBridgeTests' passed at 2026-09-08 18:30:23.527.
	 Executed 7 tests, with 0 failures (0 unexpected) in 0.004 (0.006) seconds
Test Suite 'SchedulingTests' started at 2026-09-08 18:30:23.528.
Test Case '-[GoalflowMacTests.SchedulingTests test_plannedOrder_determines_tiebreak]' started.
Test Case '-[GoalflowMacTests.SchedulingTests test_plannedOrder_determines_tiebreak]' passed (0.001 seconds).
Test Case '-[GoalflowMacTests.SchedulingTests test_queue_ordering_frog_before_ordinary]' started.
Test Case '-[GoalflowMacTests.SchedulingTests test_queue_ordering_frog_before_ordinary]' passed (0.001 seconds).
Test Case '-[GoalflowMacTests.SchedulingTests test_today_queue_filters]' started.
Test Case '-[GoalflowMacTests.SchedulingTests test_today_queue_filters]' passed (0.001 seconds).
Test Suite 'SchedulingTests' passed at 2026-09-08 18:30:23.530.
	 Executed 3 tests, with 0 failures (0 unexpected) in 0.002 (0.003) seconds
Test Suite 'ServerConflictTests' started at 2026-09-08 18:30:23.532.
Test Case '-[GoalflowMacTests.ServerConflictTests test_cloud_resolution_without_exact_ack_preserves_local_and_cloud_sides]' started.
Test Case '-[GoalflowMacTests.ServerConflictTests test_cloud_resolution_without_exact_ack_preserves_local_and_cloud_sides]' passed (0.010 seconds).
Test Case '-[GoalflowMacTests.ServerConflictTests test_focus_completion_recovers_task_notes_and_terminal_state_as_one_action]' started.
Test Case '-[GoalflowMacTests.ServerConflictTests test_focus_completion_recovers_task_notes_and_terminal_state_as_one_action]' passed (0.048 seconds).
Test Case '-[GoalflowMacTests.ServerConflictTests test_server_conflict_replay_cannot_change_preserved_local_data]' started.
Test Case '-[GoalflowMacTests.ServerConflictTests test_server_conflict_replay_cannot_change_preserved_local_data]' passed (0.002 seconds).
Test Case '-[GoalflowMacTests.ServerConflictTests test_snake_case_server_conflict_imports_both_sides]' started.
Test Case '-[GoalflowMacTests.ServerConflictTests test_snake_case_server_conflict_imports_both_sides]' passed (0.001 seconds).
Test Case '-[GoalflowMacTests.ServerConflictTests test_staging_focus_action_commits_tracking_and_outbox_before_return]' started.
Test Case '-[GoalflowMacTests.ServerConflictTests test_staging_focus_action_commits_tracking_and_outbox_before_return]' passed (0.053 seconds).
Test Case '-[GoalflowMacTests.ServerConflictTests test_sync_imports_postgresql_only_conflict_before_success]' started.
Test Case '-[GoalflowMacTests.ServerConflictTests test_sync_imports_postgresql_only_conflict_before_success]' passed (0.016 seconds).
Test Suite 'ServerConflictTests' passed at 2026-09-08 18:30:23.664.
	 Executed 6 tests, with 0 failures (0 unexpected) in 0.130 (0.131) seconds
Test Suite 'StableJsonTests' started at 2026-09-08 18:30:23.664.
Test Case '-[GoalflowMacTests.StableJsonTests test_any_codable_preserves_integer_and_boolean_types]' started.
Test Case '-[GoalflowMacTests.StableJsonTests test_any_codable_preserves_integer_and_boolean_types]' passed (0.001 seconds).
Test Case '-[GoalflowMacTests.StableJsonTests test_any_codable_preserves_nested_null_across_repeated_round_trips]' started.
Test Case '-[GoalflowMacTests.StableJsonTests test_any_codable_preserves_nested_null_across_repeated_round_trips]' passed (0.001 seconds).
Test Case '-[GoalflowMacTests.StableJsonTests test_nested_sorts]' started.
Test Case '-[GoalflowMacTests.StableJsonTests test_nested_sorts]' passed (0.001 seconds).
Test Case '-[GoalflowMacTests.StableJsonTests test_nil_and_array]' started.
Test Case '-[GoalflowMacTests.StableJsonTests test_nil_and_array]' passed (0.001 seconds).
Test Case '-[GoalflowMacTests.StableJsonTests test_sorts_keys]' started.
Test Case '-[GoalflowMacTests.StableJsonTests test_sorts_keys]' passed (0.001 seconds).
Test Case '-[GoalflowMacTests.StableJsonTests testParsedPrimitiveNumbersDoNotBecomeBooleans]' started.
Test Case '-[GoalflowMacTests.StableJsonTests testParsedPrimitiveNumbersDoNotBecomeBooleans]' passed (0.001 seconds).
Test Suite 'StableJsonTests' passed at 2026-09-08 18:30:23.669.
	 Executed 6 tests, with 0 failures (0 unexpected) in 0.004 (0.006) seconds
Test Suite 'SyncEnvelopeTests' started at 2026-09-08 18:30:23.670.
Test Case '-[GoalflowMacTests.SyncEnvelopeTests testActualUTF8EnvelopePreservesRequests]' started.
Test Case '-[GoalflowMacTests.SyncEnvelopeTests testActualUTF8EnvelopePreservesRequests]' passed (0.012 seconds).
Test Case '-[GoalflowMacTests.SyncEnvelopeTests testSharedReconciliationStagingManifestAndReceipts]' started.
Test Case '-[GoalflowMacTests.SyncEnvelopeTests testSharedReconciliationStagingManifestAndReceipts]' passed (0.012 seconds).
Test Suite 'SyncEnvelopeTests' passed at 2026-09-08 18:30:23.694.
	 Executed 2 tests, with 0 failures (0 unexpected) in 0.024 (0.025) seconds
Test Suite 'SyncMetaTests' started at 2026-09-08 18:30:23.695.
Test Case '-[GoalflowMacTests.SyncMetaTests test_corrupt_meta_never_becomes_an_empty_outbox]' started.
Test Case '-[GoalflowMacTests.SyncMetaTests test_corrupt_meta_never_becomes_an_empty_outbox]' passed (0.003 seconds).
Test Case '-[GoalflowMacTests.SyncMetaTests test_damaged_local_file_repairs_from_valid_mirror]' started.
Test Case '-[GoalflowMacTests.SyncMetaTests test_damaged_local_file_repairs_from_valid_mirror]' passed (0.008 seconds).
Test Case '-[GoalflowMacTests.SyncMetaTests test_empty_meta]' started.
Test Case '-[GoalflowMacTests.SyncMetaTests test_empty_meta]' passed (0.001 seconds).
Test Case '-[GoalflowMacTests.SyncMetaTests test_goal_stores_stage_every_durable_field]' started.
Test Case '-[GoalflowMacTests.SyncMetaTests test_goal_stores_stage_every_durable_field]' passed (0.009 seconds).
Test Case '-[GoalflowMacTests.SyncMetaTests test_local_task_and_outbox_commit_together]' started.
Test Case '-[GoalflowMacTests.SyncMetaTests test_local_task_and_outbox_commit_together]' passed (0.062 seconds).
Test Case '-[GoalflowMacTests.SyncMetaTests test_normalize_duplicate_mutation_throws]' started.
Test Case '-[GoalflowMacTests.SyncMetaTests test_normalize_duplicate_mutation_throws]' passed (0.001 seconds).
Test Case '-[GoalflowMacTests.SyncMetaTests test_normalize_schema_mismatch_throws]' started.
Test Case '-[GoalflowMacTests.SyncMetaTests test_normalize_schema_mismatch_throws]' passed (0.001 seconds).
Test Case '-[GoalflowMacTests.SyncMetaTests test_pending_local_commit_recovers_after_interrupted_write]' started.
Test Case '-[GoalflowMacTests.SyncMetaTests test_pending_local_commit_recovers_after_interrupted_write]' passed (0.009 seconds).
Test Case '-[GoalflowMacTests.SyncMetaTests test_schema_two_migrates_without_discarding_outbox]' started.
Test Case '-[GoalflowMacTests.SyncMetaTests test_schema_two_migrates_without_discarding_outbox]' passed (0.003 seconds).
Test Case '-[GoalflowMacTests.SyncMetaTests test_two_damaged_local_replicas_never_become_empty]' started.
Test Case '-[GoalflowMacTests.SyncMetaTests test_two_damaged_local_replicas_never_become_empty]' passed (0.008 seconds).
Test Case '-[GoalflowMacTests.SyncMetaTests test_workspace_binding_is_immutable]' started.
Test Case '-[GoalflowMacTests.SyncMetaTests test_workspace_binding_is_immutable]' passed (0.003 seconds).
Test Suite 'SyncMetaTests' passed at 2026-09-08 18:30:23.804.
	 Executed 11 tests, with 0 failures (0 unexpected) in 0.107 (0.110) seconds
Test Suite 'TaskCompletionPersistenceTests' started at 2026-09-08 18:30:23.804.
Test Case '-[GoalflowMacTests.TaskCompletionPersistenceTests test_complete_only_open]' started.
Test Case '-[GoalflowMacTests.TaskCompletionPersistenceTests test_complete_only_open]' passed (0.015 seconds).
Test Case '-[GoalflowMacTests.TaskCompletionPersistenceTests test_complete_persists_before_next]' started.
Test Case '-[GoalflowMacTests.TaskCompletionPersistenceTests test_complete_persists_before_next]' passed (0.021 seconds).
Test Case '-[GoalflowMacTests.TaskCompletionPersistenceTests test_no_resurrection_after_reload]' started.
Test Case '-[GoalflowMacTests.TaskCompletionPersistenceTests test_no_resurrection_after_reload]' passed (0.022 seconds).
Test Suite 'TaskCompletionPersistenceTests' passed at 2026-09-08 18:30:23.864.
	 Executed 3 tests, with 0 failures (0 unexpected) in 0.059 (0.059) seconds
Test Suite 'TaskWireAdapterTests' started at 2026-09-08 18:30:23.864.
Test Case '-[GoalflowMacTests.TaskWireAdapterTests test_ambiguous_boolean_does_not_become_a_completion]' started.
Test Case '-[GoalflowMacTests.TaskWireAdapterTests test_ambiguous_boolean_does_not_become_a_completion]' passed (0.001 seconds).
Test Case '-[GoalflowMacTests.TaskWireAdapterTests test_browser_task_payload_round_trips_without_losing_shared_or_unknown_fields]' started.
Test Case '-[GoalflowMacTests.TaskWireAdapterTests test_browser_task_payload_round_trips_without_losing_shared_or_unknown_fields]' passed (0.002 seconds).
Test Case '-[GoalflowMacTests.TaskWireAdapterTests test_web_and_android_terminal_removal_flags_remain_out_of_the_queue]' started.
Test Case '-[GoalflowMacTests.TaskWireAdapterTests test_web_and_android_terminal_removal_flags_remain_out_of_the_queue]' passed (0.007 seconds).
Test Suite 'TaskWireAdapterTests' passed at 2026-09-08 18:30:23.874.
	 Executed 3 tests, with 0 failures (0 unexpected) in 0.009 (0.010) seconds
Test Suite 'TwoDeviceTests' started at 2026-09-08 18:30:23.874.
Test Case '-[GoalflowMacTests.TwoDeviceTests test_completed_never_resurrects]' started.
Test Case '-[GoalflowMacTests.TwoDeviceTests test_completed_never_resurrects]' passed (0.001 seconds).
Test Case '-[GoalflowMacTests.TwoDeviceTests test_conflict_keep_local_vs_cloud]' started.
Test Case '-[GoalflowMacTests.TwoDeviceTests test_conflict_keep_local_vs_cloud]' passed (0.001 seconds).
Test Suite 'TwoDeviceTests' passed at 2026-09-08 18:30:23.876.
	 Executed 2 tests, with 0 failures (0 unexpected) in 0.001 (0.002) seconds
Test Suite 'GoalflowMacTests.xctest' passed at 2026-09-08 18:30:23.876.
	 Executed 226 tests, with 1 test skipped and 0 failures (0 unexpected) in 1.568 (1.676) seconds
Test Suite 'All tests' passed at 2026-09-08 18:30:23.876.
	 Executed 226 tests, with 1 test skipped and 0 failures (0 unexpected) in 1.568 (1.678) seconds
2026-09-08 18:30:24.174 xcodebuild[43142:4210688] [MT] IDETestOperationsObserverDebug: 5.368 elapsed -- Testing started completed.
2026-09-08 18:30:24.174 xcodebuild[43142:4210688] [MT] IDETestOperationsObserverDebug: 0.000 sec, +0.000 sec -- start
2026-09-08 18:30:24.174 xcodebuild[43142:4210688] [MT] IDETestOperationsObserverDebug: 5.368 sec, +5.368 sec -- end

Test session results, code coverage, and logs:
	/tmp/p2b-macos/Logs/Test/Test-GoalflowMac-2026.09.08_18-29-53-+0100.xcresult

** TEST SUCCEEDED **

Testing started
